-- phpMyAdmin SQL Dump
-- version 5.0.2
-- https://www.phpmyadmin.net/
--
-- Servidor: 127.0.0.1:3306
-- Tiempo de generación: 21-12-2022 a las 21:17:32
-- Versión del servidor: 5.7.31
-- Versión de PHP: 7.3.21

SET SQL_MODE = "NO_AUTO_VALUE_ON_ZERO";
START TRANSACTION;
SET time_zone = "+00:00";


/*!40101 SET @OLD_CHARACTER_SET_CLIENT=@@CHARACTER_SET_CLIENT */;
/*!40101 SET @OLD_CHARACTER_SET_RESULTS=@@CHARACTER_SET_RESULTS */;
/*!40101 SET @OLD_COLLATION_CONNECTION=@@COLLATION_CONNECTION */;
/*!40101 SET NAMES utf8mb4 */;

--
-- Base de datos: `dbmuebleria`
--

-- --------------------------------------------------------

--
-- Estructura de tabla para la tabla `almacen`
--

DROP TABLE IF EXISTS `almacen`;
CREATE TABLE IF NOT EXISTS `almacen` (
  `idalmacen` char(36) COLLATE utf8_spanish_ci NOT NULL,
  `nombre` varchar(100) COLLATE utf8_spanish_ci NOT NULL,
  `sucursal` int(11) NOT NULL,
  PRIMARY KEY (`idalmacen`),
  KEY `pertenece` (`sucursal`)
) ENGINE=InnoDB DEFAULT CHARSET=utf8 COLLATE=utf8_spanish_ci;

--
-- Truncar tablas antes de insertar `almacen`
--

TRUNCATE TABLE `almacen`;
--
-- Volcado de datos para la tabla `almacen`
--

INSERT INTO `almacen` (`idalmacen`, `nombre`, `sucursal`) VALUES
('dab06576-28b9-11ed-97d0-d481d7c3a9ad', 'almacen prueba', 1);

-- --------------------------------------------------------

--
-- Estructura de tabla para la tabla `categoria`
--

DROP TABLE IF EXISTS `categoria`;
CREATE TABLE IF NOT EXISTS `categoria` (
  `idcategoria` char(36) COLLATE utf8_spanish_ci NOT NULL,
  `nombre` varchar(100) COLLATE utf8_spanish_ci NOT NULL,
  `tiene_subcat` tinyint(1) NOT NULL,
  `atr1` varchar(100) COLLATE utf8_spanish_ci DEFAULT NULL,
  `atr2` varchar(100) COLLATE utf8_spanish_ci DEFAULT NULL,
  `atr3` varchar(100) COLLATE utf8_spanish_ci DEFAULT NULL,
  `atr4` varchar(100) COLLATE utf8_spanish_ci DEFAULT NULL,
  `atr5` varchar(100) COLLATE utf8_spanish_ci DEFAULT NULL,
  `contado` double DEFAULT NULL,
  `especial` double DEFAULT NULL,
  `base_inicial_c1` double DEFAULT NULL,
  `ganancia_inicial_c1` double DEFAULT NULL,
  `rango_c1` double DEFAULT NULL,
  `ganancia_subsecuente_c1` double DEFAULT NULL,
  `limite_costo_c1` double DEFAULT NULL,
  `base_inicial_c2` double DEFAULT NULL,
  `ganancia_inicial_c2` double DEFAULT NULL,
  `rango_c2` double DEFAULT NULL,
  `ganancia_subsecuente_c2` double DEFAULT NULL,
  `limite_costo_c2` double DEFAULT NULL,
  `meses_pago` int(11) DEFAULT NULL,
  `meses_garantia` int(11) DEFAULT NULL,
  `enganche` double DEFAULT NULL,
  `creado_en` timestamp NOT NULL DEFAULT CURRENT_TIMESTAMP,
  PRIMARY KEY (`idcategoria`)
) ENGINE=InnoDB DEFAULT CHARSET=utf8 COLLATE=utf8_spanish_ci;

--
-- Truncar tablas antes de insertar `categoria`
--

TRUNCATE TABLE `categoria`;
--
-- Volcado de datos para la tabla `categoria`
--

INSERT INTO `categoria` (`idcategoria`, `nombre`, `tiene_subcat`, `atr1`, `atr2`, `atr3`, `atr4`, `atr5`, `contado`, `especial`, `base_inicial_c1`, `ganancia_inicial_c1`, `rango_c1`, `ganancia_subsecuente_c1`, `limite_costo_c1`, `base_inicial_c2`, `ganancia_inicial_c2`, `rango_c2`, `ganancia_subsecuente_c2`, `limite_costo_c2`, `meses_pago`, `meses_garantia`, `enganche`, `creado_en`) VALUES
('3d8e891c-7ff7-11ed-a8ab-d481d7c3a9ad', 'PRUEBA', 0, 'MARCA', 'ASD', 'ASD', 'ASD', 'ASD', 5, 20, 4000, 80, 100, 70, 30000, 5000, 90, 100, 70, 30000, 12, 12, 6.5, '2022-12-19 23:45:38'),
('ae569a66-0838-11ed-8a78-feed01260033', 'MUEBLES', 1, NULL, NULL, NULL, NULL, NULL, NULL, NULL, NULL, NULL, NULL, NULL, NULL, NULL, NULL, NULL, NULL, NULL, NULL, NULL, NULL, '2022-07-20 14:31:45');

-- --------------------------------------------------------

--
-- Estructura de tabla para la tabla `cliente`
--

DROP TABLE IF EXISTS `cliente`;
CREATE TABLE IF NOT EXISTS `cliente` (
  `idcliente` char(32) COLLATE utf8_spanish_ci NOT NULL,
  `nombre_cliente` varchar(100) COLLATE utf8_spanish_ci NOT NULL,
  `zona` char(36) COLLATE utf8_spanish_ci NOT NULL,
  `domicilio_cliente` varchar(500) COLLATE utf8_spanish_ci DEFAULT NULL,
  `subzona` char(36) COLLATE utf8_spanish_ci NOT NULL,
  `tel1_cliente` varchar(20) COLLATE utf8_spanish_ci DEFAULT NULL,
  `tel2_cliente` varchar(20) COLLATE utf8_spanish_ci DEFAULT NULL,
  `cp_cliente` int(11) DEFAULT NULL,
  `idestado_civil` int(1) NOT NULL DEFAULT '0',
  `curp` char(18) COLLATE utf8_spanish_ci DEFAULT NULL,
  `rfc` char(13) COLLATE utf8_spanish_ci DEFAULT NULL,
  `trabajo_cliente` varchar(100) COLLATE utf8_spanish_ci DEFAULT NULL,
  `puesto_cliente` varchar(100) COLLATE utf8_spanish_ci DEFAULT NULL,
  `direccion_trabajo_cliente` varchar(400) COLLATE utf8_spanish_ci DEFAULT NULL,
  `antiguedadA_trabajo_cliente` int(11) NOT NULL DEFAULT '0',
  `antiguedadM_trabajo_cliente` int(11) NOT NULL DEFAULT '0',
  `ingresos_cliente` double NOT NULL DEFAULT '0',
  `tipo_ingresos_cliente` varchar(20) COLLATE utf8_spanish_ci NOT NULL DEFAULT 'Quincenal',
  `nombre_conyugue_cliente` varchar(100) COLLATE utf8_spanish_ci DEFAULT NULL,
  `antiguedadA_vinculo` int(11) DEFAULT NULL,
  `antiguedadM_vinculo` int(11) DEFAULT NULL,
  `trabajo_conyugue` varchar(100) COLLATE utf8_spanish_ci DEFAULT NULL,
  `puesto_conyugue` varchar(100) COLLATE utf8_spanish_ci DEFAULT NULL,
  `ingreso_mensual_conyugue` double DEFAULT NULL,
  `direccion_trabajo_conyugue` varchar(400) COLLATE utf8_spanish_ci DEFAULT NULL,
  `tel_conyugue` varchar(20) COLLATE utf8_spanish_ci DEFAULT NULL,
  `tipo_vivienda_cliente` varchar(20) COLLATE utf8_spanish_ci NOT NULL DEFAULT 'Propia',
  `edad_residencia` int(11) NOT NULL DEFAULT '0',
  `renta_mensual` double NOT NULL DEFAULT '0',
  `ndependientes` int(11) NOT NULL DEFAULT '0',
  `nombre_aval` varchar(100) COLLATE utf8_spanish_ci DEFAULT NULL,
  `tel_aval` varchar(20) COLLATE utf8_spanish_ci DEFAULT NULL,
  `domicilio_aval` varchar(500) COLLATE utf8_spanish_ci DEFAULT NULL,
  `trabajo_aval` varchar(100) COLLATE utf8_spanish_ci DEFAULT NULL,
  `puesto_aval` varchar(100) COLLATE utf8_spanish_ci DEFAULT NULL,
  `ingreso_mensual_aval` double DEFAULT NULL,
  `nombre_conyugue_aval` varchar(100) COLLATE utf8_spanish_ci DEFAULT NULL,
  `apto_credito` tinyint(1) NOT NULL,
  `nivel_apto` tinyint(2) NOT NULL,
  `estado_cliente` tinyint(1) NOT NULL DEFAULT '1',
  `no_cliente` int(11) NOT NULL,
  `masinfo` tinyint(1) NOT NULL DEFAULT '0',
  `creado_en` timestamp NOT NULL DEFAULT CURRENT_TIMESTAMP,
  PRIMARY KEY (`idcliente`),
  KEY `tiene una` (`zona`),
  KEY `se encuentra en` (`subzona`)
) ENGINE=InnoDB DEFAULT CHARSET=utf8 COLLATE=utf8_spanish_ci;

--
-- Truncar tablas antes de insertar `cliente`
--

TRUNCATE TABLE `cliente`;
--
-- Volcado de datos para la tabla `cliente`
--

INSERT INTO `cliente` (`idcliente`, `nombre_cliente`, `zona`, `domicilio_cliente`, `subzona`, `tel1_cliente`, `tel2_cliente`, `cp_cliente`, `idestado_civil`, `curp`, `rfc`, `trabajo_cliente`, `puesto_cliente`, `direccion_trabajo_cliente`, `antiguedadA_trabajo_cliente`, `antiguedadM_trabajo_cliente`, `ingresos_cliente`, `tipo_ingresos_cliente`, `nombre_conyugue_cliente`, `antiguedadA_vinculo`, `antiguedadM_vinculo`, `trabajo_conyugue`, `puesto_conyugue`, `ingreso_mensual_conyugue`, `direccion_trabajo_conyugue`, `tel_conyugue`, `tipo_vivienda_cliente`, `edad_residencia`, `renta_mensual`, `ndependientes`, `nombre_aval`, `tel_aval`, `domicilio_aval`, `trabajo_aval`, `puesto_aval`, `ingreso_mensual_aval`, `nombre_conyugue_aval`, `apto_credito`, `nivel_apto`, `estado_cliente`, `no_cliente`, `masinfo`, `creado_en`) VALUES
('072b030ba126b2f4b2374f342be9ed44', 'CITLALI PEREZ PEREZ', 'bc2b8b27-65d4-11ed-8a78-feed01260033', 'DOMICILIO CONOCIDO', 'd43ae49f-6780-11ed-8a78-feed01260033', '9612214718', NULL, 29179, 0, NULL, NULL, NULL, NULL, NULL, 0, 0, 0, 'Quincenal', NULL, NULL, NULL, NULL, NULL, NULL, NULL, NULL, 'Propia', 0, 0, 0, NULL, NULL, NULL, NULL, NULL, NULL, NULL, 1, 0, 1, 60, 0, '2022-11-18 20:38:23'),
('092a367c5a70155b17ef9b329964b393', 'DELFINA ELIZABETH ALVAREZ PALACIOS', 'a3e3dasd-bd10-hyhj-6765-2182783dpoas', 'TULIPAN LTE 9 MZ 61', 'd517f521-66c2-11ed-8a78-feed01260033', '9614060901', NULL, 29018, 1, 'AAPD840701MCSLLL03', NULL, 'POLICIA ESTATAL', 'VIGILANTE', 'DIF ESTATAL, PASO EL LIMON', 3, 0, 4100, 'Quincenal', 'JULIO CESAR MATEOS LOPEZ', 18, 0, 'TAXISTA', 'TAXISTA', 8000, 'TUXTLA GUTIERREZ', '9611663612', 'Rentada', 5, 0, 2, NULL, NULL, NULL, NULL, NULL, NULL, NULL, 1, 0, 1, 32, 1, '2022-11-17 22:04:03'),
('1012ed3411b9bbfebd1cd316faa73518', 'NATALIO MORENO SARAUZ', 'd590531d-65da-11ed-8a78-feed01260033', 'ANTES DEL VIVERO, BARRIO SAN FRANCISCO', 'e04830b5-65da-11ed-8a78-feed01260033', '9611284742', NULL, 29150, 1, 'MOSN730106HCSRRT02', NULL, 'ALBAÑIL Y FONTANERO', 'ALBAÑIL Y FONTANERO', 'TUXTLA GUTIERREZ', 25, 0, 2500, 'Semanal', 'MARINELLI MARROQUIN ALBORES', 30, 0, NULL, NULL, 0, NULL, '9611079050', 'Propia', 22, 0, 0, 'AMPARO SARAUZ GUTIERREZ ', NULL, 'BARRIO SAN FRANCISCO, SUCHIAPA', NULL, NULL, NULL, NULL, 1, 0, 1, 15, 1, '2022-11-16 19:43:40'),
('17690c01ce7fe1781cdfd8137869d021', 'MARIA ELENA BALCAZAR SANTOS', 'bc2b8b27-65d4-11ed-8a78-feed01260033', '3A SUR PTE SIN NUMERO', '2160574e-66c5-11ed-8a78-feed01260033', '9611299952', NULL, 29169, 0, 'BASE750313MCSLNL01', NULL, NULL, NULL, NULL, 0, 0, 0, 'Quincenal', NULL, NULL, NULL, NULL, NULL, NULL, NULL, NULL, 'Propia', 0, 0, 0, NULL, NULL, NULL, NULL, NULL, NULL, NULL, 1, 0, 1, 38, 0, '2022-11-17 23:05:17'),
('1c919f2cd33519db2cfc66df1fb593cf', 'REYNA MIREYA DIAZ VAZQUEZ', 'bc2b8b27-65d4-11ed-8a78-feed01260033', 'CALLE CENTRAL SUR SIN NUMERO', '14c7fad4-65e1-11ed-8a78-feed01260033', '9612505353', NULL, 29180, 1, 'DIVR920111MCSZZY03', NULL, 'NEGOCIO PROPIO', 'VENTA DE CENAS Y ANTONJOS', 'MISMO DOMICILIO', 0, 0, 900, 'Semanal', 'VICTOR MANUEL ALVARES DOMINGUEZ', 3, 0, 'ALBAÑIL', 'ALBAÑIL', 11000, 'TUXTLA GUTIERREZ', '9612182228', 'Rentada', 2, 800, 0, 'BRIGIDA GUADALUPE VASQUEZ GOMEZ', NULL, NULL, NULL, NULL, NULL, NULL, 1, 0, 1, 57, 1, '2022-11-18 20:28:59'),
('1d3c84c21cc91e1241850217bc6b2c76', 'DEYSI DEL ROSARIO RUIZ PEREZ', 'bc2b8b27-65d4-11ed-8a78-feed01260033', 'ABAJO DE LA IGLESIA CATOLICA SIN NUMERO', 'aa719c1c-66c1-11ed-8a78-feed01260033', '9614261697', NULL, 29169, 1, 'RUPD030713MCSZRYA4', NULL, 'EN EL HOGAR', 'AMA DE CASA', NULL, 0, 0, 0, 'Quincenal', 'JUAN CARLOS TRUJILLO SERRANO', 3, 0, 'PEPSI', 'VENDEDOR', 10000, 'RIBERA CUPIA', '9613861359', 'Rentada', 1, 500, 1, 'MARIA CONCEPCION PEREZ LOPEZ', '9612321301', 'CALLE DOMITILA SIN NUMERO, AMERICA LIBRE \"DIFIERE DE LA REFERENCIA\"', NULL, NULL, NULL, NULL, 1, 0, 1, 31, 1, '2022-11-17 21:56:22'),
('1dbaa611306ed6e2db4cb9e385a976cb', 'ROBERTO MARROQUIN VAZQUEZ', 'a3e3dasd-bd10-hyhj-6765-2182783dpoas', 'CALLEJON LOS LOPEZ 98', 'yohrio96-vfgt-23nm-6765-84i34hi883dl', '9616646948', NULL, 29019, 1, 'MAVR730424HCSRZB04', NULL, 'NEGOCIO PROPIO', 'TALLER DE HOJALATERIA Y PINTURA', 'LOMA BONITA', 5, 0, 6000, 'Semanal', 'GRACIELA LOPEZ ZAVALETA', 4, 0, 'NEGOCIO PROPIO', 'TAQUERIA', 7000, 'LOMA BONITA', '9611226694', 'Propia', 27, 0, 0, NULL, NULL, NULL, NULL, NULL, NULL, NULL, 1, 0, 1, 54, 1, '2022-11-18 18:55:41'),
('1ff1de774005f8da13f42943881c655f', 'JUAN JESUS MEDINA GUILLEN', 'a3e3dasd-bd10-hyhj-6765-2182783dpoas', 'DOMICILIO CONOCIDO', '01d3e8b1-65f6-11ed-8a78-feed01260033', '9611351519', NULL, NULL, 0, NULL, NULL, NULL, NULL, NULL, 0, 0, 0, 'Quincenal', NULL, NULL, NULL, NULL, NULL, NULL, NULL, NULL, 'Propia', 0, 0, 0, NULL, NULL, NULL, NULL, NULL, NULL, NULL, 1, 0, 1, 24, 0, '2022-11-16 21:33:04'),
('24868c15b7dc648197d9c966e3ab914b', 'KARLA BELZAY HERNANDEZ PEREZ', 'bc2b8b27-65d4-11ed-8a78-feed01260033', 'BARRIO TIERRA BLANCA', '14c7fad4-65e1-11ed-8a78-feed01260033', '9616509189', NULL, 29180, 1, 'HEPK940414MCSRRR02', NULL, 'EN EL HOGAR', 'AMA DE CASA', NULL, 0, 0, 0, 'Quincenal', 'JESUS GOMEZ SOLIS', 9, 0, 'POLICIA ESTATAL', 'POLICIA RAZO', 8000, 'TUXTLA GUTIERREZ', '9616509189', 'Propia', 30, 0, 2, 'EL MARIDO', NULL, NULL, NULL, NULL, NULL, NULL, 1, 0, 1, 55, 1, '2022-11-18 19:59:16'),
('27383a1c423be193a00d65a9bc62a6a4', 'ALEJANDRA PEREZ SIMUTA', 'a3e3dasd-bd10-hyhj-6765-2182783dpoas', 'AV CHIAPA, TRINITARIA Y SIMOJOVEL', 'b55ce226-66cd-11ed-8a78-feed01260033', '9613629573', NULL, 29019, 1, 'PESA940629MCSRML00', NULL, 'NEGOCIO PROPIO', 'VENTA DE PRODUCTO ESTAJON, NATURA', 'TUXTLA GUTIERREZ', 3, 0, 5000, 'Quincenal', 'HECTOR SANTOS SANDOVAL HERNANDEZ', 6, 0, 'TESORO MUNICIPAL', 'GUARURA', 20000, 'MOTOCINTLA', '9613223714', 'Propia', 25, 0, 3, 'EL MARIDO', NULL, NULL, NULL, NULL, NULL, NULL, 1, 0, 1, 42, 1, '2022-11-17 23:23:16'),
('2838023a778dfaecdc212708f721b788', 'CRISTIAN JHONATAN GOMEZ AGUILAR', 'bc2b8b27-65d4-11ed-8a78-feed01260033', 'DOMICILIO CONOCIDO', '5e909200-65f4-11ed-8a78-feed01260033', '9612785261', NULL, 29180, 0, NULL, NULL, NULL, NULL, NULL, 0, 0, 0, 'Quincenal', NULL, NULL, NULL, NULL, NULL, NULL, NULL, NULL, 'Propia', 0, 0, 0, NULL, NULL, NULL, NULL, NULL, NULL, NULL, 1, 0, 1, 51, 0, '2022-11-18 18:18:21'),
('2dea84749df7aa151bf89c548ce895bb', 'LETICIA GALLEGOS HERNANDES', 'bc2b8b27-65d4-11ed-8a78-feed01260033', 'AV CENTRAL PTE SIN NUMERO Y RUMBO AL RIO', '14c7fad4-65e1-11ed-8a78-feed01260033', '9611732298', NULL, 29180, 1, 'GAHL791107MCSLRT03', NULL, NULL, NULL, NULL, 0, 0, 0, 'Quincenal', 'BELISARIO MENDOZA ESTRADA', 27, 0, 'MEDICO', 'MEDICO', 10000, 'COMITAN', '9611732298', 'Propia', 42, 0, 2, 'ANITA HERNANDEZ CALVO', '9613668654', 'JULIAN GRAJALES', NULL, NULL, NULL, NULL, 1, 0, 1, 13, 1, '2022-11-16 19:16:15'),
('2edfe106cf165db3bc1244abfc4d232b', 'SAUL GOMEZ HERNANDEZ', 'bc2b8b27-65d4-11ed-8a78-feed01260033', 'DOMICILIO CONOCIDO', '14c7fad4-65e1-11ed-8a78-feed01260033', '9614697958', NULL, 29180, 1, 'GOHS781130HCSMRL06', NULL, 'NEGOCIO PROPIO', 'MAESTRO CARPINTERO', 'MISMO DOMICILIO', 21, 0, 2000, 'Semanal', 'MARILU DOMINGUEZ RAMIREZ', 18, 0, 'EMPLEADA DOMESTICA', 'EMPLEADA DOMESTICA', 2000, 'JULIAN GRAJALES', NULL, 'Propia', 19, 0, 3, NULL, NULL, NULL, NULL, NULL, NULL, NULL, 1, 0, 1, 68, 1, '2022-11-22 22:15:54'),
('33e75ff09dd601bbe69f351039152189', 'ANDREA DE JESUS RAMIREZ ESCOBAR', 'a3e3dasd-bd10-hyhj-6765-2182783dpoas', 'DOMICILIO CONOCIDO', '01d3e8b1-65f6-11ed-8a78-feed01260033', '9611946556', NULL, NULL, 0, NULL, NULL, NULL, NULL, NULL, 0, 0, 0, 'Quincenal', NULL, NULL, NULL, NULL, NULL, NULL, NULL, NULL, 'Propia', 0, 0, 0, NULL, NULL, NULL, NULL, NULL, NULL, NULL, 1, 0, 1, 28, 0, '2022-11-16 21:56:32'),
('34907053fc0f287789116252e776daa2', 'EDUVINA CERIOLI GONZALEZ ROBLERO', 'bc2b8b27-65d4-11ed-8a78-feed01260033', 'ANDADOR DALIA NORTE 3.311', 'b9628f7b-65dc-11ed-8a78-feed01260033', '9612975083', NULL, 29165, 1, 'GORE770829MCSNBD09', NULL, 'LIMPIEZA', 'AYUDANTE', 'JARDINES DEL GRIJALVA', 1, 0, 2200, 'Quincenal', 'JOEL DE JESUS ROMEO PASCUAL', 5, 0, 'POLARIZADOS E INSTALACION DE ALARMAS', 'AYUDANTE', 4000, 'TUXTLA GUTIERREZ', '9613047073', 'Propia', 13, 0, 0, NULL, NULL, NULL, NULL, NULL, NULL, NULL, 1, 0, 1, 7, 1, '2022-11-16 18:37:24'),
('375cf1e6e3aa2a37fb4adbbdddd39000', 'CRISTAN JOAHN RAMOS FLECHA', 'bc2b8b27-65d4-11ed-8a78-feed01260033', 'DOMICILIO CONOCIDO', '5e909200-65f4-11ed-8a78-feed01260033', '9611062282', '9981961006', 29180, 0, 'RAFC020923HCSMLRA2', NULL, 'AEROPUERTO INTERNACIONAL', 'BARTENDER', 'AEROPUERTO INTERNACIONAL', 1, 0, 3000, 'Quincenal', NULL, NULL, NULL, NULL, NULL, NULL, NULL, NULL, 'Propia', 20, 0, 0, 'LLUVIA CORDOBA RUIZ', NULL, 'IGNACIO ALLENDE', NULL, NULL, NULL, NULL, 1, 0, 1, 23, 1, '2022-11-16 21:29:05'),
('38e422200245116b5cb324565d8de73f', 'ELISABETH NORMA GUTIERREZ DIAZ', 'a3e3dasd-bd10-hyhj-6765-2182783dpoas', 'CALZADA A SUCHIAPA 60,, CALLEJON EL GALLO', 'yohrio96-vfgt-23nm-6765-84i34hi883dl', '9612493004', NULL, 29049, 1, 'GUDE671227MCSTZL04', NULL, 'NEGOCIO PROPIO', 'VENTA DE HAMBURGUESAS', 'AMPLIACION LOMA BONITA', 7, 0, 1800, 'Semanal', 'JORGE ANTONIO SOLIZ SOLIZ', 2, 0, 'AUTOBUSES MAYA', 'CHOFER', 6000, 'TUXTLA GUTIERREZ', NULL, 'Propia', 18, 0, 0, NULL, NULL, NULL, NULL, NULL, NULL, NULL, 1, 0, 1, 1, 1, '2022-12-18 19:36:08'),
('3b509ce2d9a41fda249b720e20112ac8', 'ANALIN DOMINGUEZ MARROQUIN', 'bc2b8b27-65d4-11ed-8a78-feed01260033', 'DOMICILIO CONOCIDO', '240f9cb9-65e4-11ed-8a78-feed01260033', '9611762796', NULL, 29180, 1, 'DOMA850731MCSMRN01', NULL, 'EN EL HOGAR', 'AMA DE CASA', NULL, 0, 0, 0, 'Quincenal', 'VICTOR MANUEL GOMEZ REYNOSA', 18, 0, 'POLICIA', 'POLICIA', 6000, NULL, '9611097970', 'Propia', 18, 0, 3, NULL, NULL, NULL, NULL, NULL, NULL, NULL, 1, 0, 1, 44, 1, '2022-11-18 00:00:13'),
('3d4fae0365a456af9e580fe8d43df515', 'LUZ MARIA CRUZ NARCIA', 'bc2b8b27-65d4-11ed-8a78-feed01260033', 'DOMICILIO CONOCIDO', '01de812e-65d7-11ed-8a78-feed01260033', '9616679173', NULL, 29178, 0, 'CUNL880804MCSRRZ00', NULL, NULL, NULL, NULL, 0, 0, 0, 'Quincenal', NULL, NULL, NULL, NULL, NULL, NULL, NULL, NULL, 'Propia', 0, 0, 0, NULL, NULL, NULL, NULL, NULL, NULL, NULL, 1, 0, 1, 59, 0, '2022-11-18 20:35:47'),
('41ba14ab3ef8a4a669ce29433e11d3cd', 'JESUS AUTREY PERES MALDONADO', 'f23461b0-65de-11ed-8a78-feed01260033', 'DOMICILIO CONOCIDO', '00bff561-65df-11ed-8a78-feed01260033', '9612527758', NULL, 29380, 0, 'PEMJ791224HCSRLS07', NULL, NULL, NULL, NULL, 0, 0, 0, 'Quincenal', NULL, NULL, NULL, NULL, NULL, NULL, NULL, NULL, 'Propia', 0, 0, 0, NULL, NULL, NULL, NULL, NULL, NULL, NULL, 1, 0, 1, 41, 0, '2022-11-17 23:13:34'),
('42fa35379e271d074776f6372818ddd7', 'LEYDI DIANA MARROQUIN SANCHEZ', 'bc2b8b27-65d4-11ed-8a78-feed01260033', 'CALLE INOMINADA N. 17, A UN COSTADO DEL KINDER', '240f9cb9-65e4-11ed-8a78-feed01260033', '9613215069', NULL, 29180, 0, 'MASL970621MCSRNY02', NULL, 'AEROPUERTO INTERNACIONAL', 'OPERADORA', 'AEROPUERTO INTERNACIONAL', 0, 4, 3200, 'Quincenal', NULL, NULL, NULL, NULL, NULL, NULL, NULL, NULL, 'Propia', 24, 0, 0, NULL, NULL, NULL, NULL, NULL, NULL, NULL, 1, 0, 1, 14, 1, '2022-11-16 19:28:56'),
('45c48cce2e2d7fbdea1afc51c7c6ad26', 'EDILBERTO JONAPA GARCIA', 'a3e3dasd-bd10-hyhj-6765-2182783dpoas', 'DOMICILIO CONOCIDO', '3a534567-65de-11ed-8a78-feed01260033', '9613132666', NULL, 29010, 0, NULL, NULL, NULL, NULL, NULL, 0, 0, 0, 'Quincenal', NULL, NULL, NULL, NULL, NULL, NULL, NULL, NULL, 'Propia', 0, 0, 0, NULL, NULL, NULL, NULL, NULL, NULL, NULL, 1, 0, 1, 9, 0, '2022-11-16 18:42:55'),
('46313523f3353be73b79e987d2d6f7bc', 'MELANIE GARCIA GOMEZ', 'a3e3dasd-bd10-hyhj-6765-2182783dpoas', 'AV PENSAMIENTO  MZ 8 LTE 2, C BUGAMBILIA Y MARGARITA', '9fd39cf8-6aab-11ed-8a78-feed01260033', '9614375145', NULL, 29049, 1, 'GAGM850716MCSRML03', NULL, 'TACOS TIA JUANA', 'ENCARGADA', '8A NTE ENTRE 13 Y 14 PTE NO. 1468', 2, 0, 3000, 'Semanal', 'AZAEL LIMA GRAJALES', 20, 0, 'TRANSPORTISTA', 'CHOFER', 8000, 'PLAZA CRISTAL PTE', '9613632038', 'Propia', 20, 0, 0, 'EL MARIDO', NULL, NULL, NULL, NULL, NULL, NULL, 1, 0, 1, 62, 1, '2022-11-22 21:35:20'),
('47fc683fde6a2764929cef2891568cba', 'MARIA GUADALUPE MEGCHUN SANTIAGO', 'a3e3dasd-bd10-hyhj-6765-2182783dpoas', 'PRIV AGUA MARINA 144 MZ 37 LTE 5', 'b895edc1-676c-11ed-8a78-feed01260033', '9611035381', NULL, 29019, 1, 'MESG730510MCSGND05', NULL, 'VENTAS PARTICULARES', 'COMERCIANTE', 'MISMO DOMICILIO', 6, 0, 2700, 'Semanal', 'FRANCISCO PASCUAL GOMEZ GOMEZ', 8, 0, 'OBRAS PUBLICAS', 'MANTENIMIENTO', 9400, 'COL MAYA', '9613731803', 'Propia', 11, 0, 1, 'MARTHA CLAUDIA CERVANTES PEREZ', '9612882756', NULL, NULL, NULL, NULL, NULL, 1, 0, 1, 67, 1, '2022-11-22 22:06:23'),
('481acf038c1fed0f52b8801f67855332', 'BRENDA GUADALUPE MACIAS ESTRADA', 'bc2b8b27-65d4-11ed-8a78-feed01260033', 'CARR LA ANGOSTURA KM 3', 'bf42ba53-676d-11ed-8a78-feed01260033', '9613434102', NULL, 29167, 1, 'MAEB910704MCSCSR09', NULL, 'EN EL HOGAR', 'PROMOTOR DE VENTAS', 'EN SU DOMICILIO', 2, 0, 1500, 'Semanal', 'RUBICEL DIAZ PEREZ', 17, 0, 'TORTILLERIA PLAYA VISTA', 'EMPLEADO', 8000, 'RIBERA PLAYA VISTA', NULL, 'Propia', 6, 0, 5, 'BLANCA BERENICE OVILLA AGUILAR', '9612414304', NULL, NULL, NULL, NULL, NULL, 1, 0, 1, 52, 1, '2022-11-18 18:31:37'),
('4a73a442da6f957ab1c73541ffdfb01e', 'ROSA ESTELA BERTRY GARCIA', 'bc2b8b27-65d4-11ed-8a78-feed01260033', 'C CAOBA MZ 36 LTE 12', 'c90f6ef6-6aad-11ed-8a78-feed01260033', '9611904023', NULL, 29163, 1, 'BEGR860203MTCRRS02', NULL, 'ACTIVIDAD INMOBILIARIA', 'RENTA UNA CASA Y/O HABITACION', 'MISMO DOMICILIO', 9, 0, 600, 'Quincenal', 'ALDO MANUEL ALVAREZ TORRES', 19, 0, 'MARKEN', 'ENCARGADO', 10400, 'A DOS CUADRAS DE LA SECUNDARIA', '9611988094', 'Propia', 9, 0, 2, 'EL MARIDO', NULL, NULL, NULL, NULL, NULL, NULL, 1, 0, 1, 63, 1, '2022-11-22 21:47:44'),
('4c357130c2b45e775cd0220a6825bb52', 'DOLORES BALBUENA BALBUENA', 'bc2b8b27-65d4-11ed-8a78-feed01260033', '2A OTE NTE SIN NUMERO, FRENTE AL COBACH', '14c7fad4-65e1-11ed-8a78-feed01260033', '9615805156', NULL, 29180, 0, 'BABD710402MCSLLL02', NULL, 'NIÑERA', 'NIÑERA', 'JULIAN GRAJALES', 5, 0, 1300, 'Semanal', NULL, NULL, NULL, NULL, NULL, NULL, NULL, NULL, 'Propia', 50, 0, 0, NULL, NULL, NULL, NULL, NULL, NULL, NULL, 1, 0, 1, 22, 1, '2022-11-16 21:17:44'),
('4cbca2586d0543b7a99d6ab380870eff', 'KARINA LIZETH JONAPA RAMIREZ', 'a3e3dasd-bd10-hyhj-6765-2182783dpoas', '19 SUR OTE LTE 6 MZ 6', '05638eed-677c-11ed-8a78-feed01260033', '9611024744', NULL, 29080, 1, 'JORK941128MCSNMR01', NULL, 'EN EL HOGAR', 'AMA DE CASA', NULL, 0, 0, 0, 'Quincenal', 'JORGE LUIS BAUTISTA ALEMAN', 4, 0, 'TAXISTA', 'CHOFER', 5000, NULL, '9611700121', 'Rentada', 1, 1800, 1, 'MARTHA LILIA RAMIREZ MORALES, PARECE SER LA MAMA Y ES REFERENCIA', NULL, NULL, NULL, NULL, NULL, NULL, 1, 0, 1, 56, 1, '2022-11-18 20:13:53'),
('4dbf5ba63c054c3303da674d2bb4f026', 'SILVIA MARIA DE LOS ANGELES', 'a3e3dasd-bd10-hyhj-6765-2182783dpoas', 'CALLE CONSTITUYENTES 165 MZ 5 LTE 2', '2b7d712d-65f7-11ed-8a78-feed01260033', '9611406307', NULL, 29010, 1, 'AURS531103MCSGML06', NULL, 'NEGOCIO PROPIO', 'TIENDA DE ABARROTES', 'DOMICILIO PROPIO', 20, 0, 15000, 'Quincenal', 'HUGO MOLINA ZENTENO', 49, 0, 'GOB. EDO.', 'JUBILADO', 9000, 'MISMO DOMICILIO', NULL, 'Propia', 50, 0, 0, NULL, NULL, NULL, NULL, NULL, NULL, NULL, 1, 0, 1, 26, 1, '2022-11-16 21:46:47'),
('67c6a1e7ce56d3d6fa748ab6d9af3fd7', 'MARIA BELLANEY LUNA RINCON', 'bc2b8b27-65d4-11ed-8a78-feed01260033', 'DOMICILIO CONOCIDO', '01de812e-65d7-11ed-8a78-feed01260033', '9613355785', NULL, 29178, 0, NULL, NULL, NULL, NULL, NULL, 0, 0, 0, 'Quincenal', NULL, NULL, NULL, NULL, NULL, NULL, NULL, NULL, 'Propia', 0, 0, 0, NULL, NULL, NULL, NULL, NULL, NULL, NULL, 1, 0, 1, 47, 0, '2022-11-18 17:56:16'),
('69d3ab889bf82428f921d05b10de0e24', 'JUAN FRANCISCO ZENTENO AGUILAR', 'a3e3dasd-bd10-hyhj-6765-2182783dpoas', '4A SUR PTE 256, 4A Y5A PTE', '7e68444c-676f-11ed-8a78-feed01260033', '9612463828', NULL, 29057, 0, 'ZEAJ730417HCSNGN03', NULL, 'SUPER NACHO', 'ENCARGADO DE REPARTO', '5A NTE, PLAZA SOL', 1, 0, 5200, 'Quincenal', NULL, NULL, NULL, NULL, NULL, NULL, NULL, NULL, 'Propia', 15, 0, 0, 'MARIA DEL SOCORRO AGUILAR NUÑEZ', NULL, NULL, NULL, NULL, NULL, NULL, 1, 0, 1, 53, 1, '2022-11-18 20:00:58'),
('6ab24fa03cbcef87de7fa8adbc181a78', 'JULIETA ESCOBAR DE LA CRUZ', 'bc2b8b27-65d4-11ed-8a78-feed01260033', 'AV AZALEA 1336', '14c7fad4-65e1-11ed-8a78-feed01260033', '9611363493', NULL, 29165, 0, 'EOCJ741108MCSSRL07', NULL, 'ISSTE EVDI NO. 37', 'EDUCATIVO', '1A NTE PTE NO. 1586 COL. MOCTEZUMA', 25, 0, 5000, 'Quincenal', NULL, NULL, NULL, NULL, NULL, NULL, NULL, NULL, 'Propia', 13, 0, 0, NULL, NULL, NULL, NULL, NULL, NULL, NULL, 1, 0, 1, 19, 1, '2022-11-16 20:49:45'),
('6b7559e557a13074d62549610e51e562', 'RUBISEL SANTOS MENDEZ', 'f23461b0-65de-11ed-8a78-feed01260033', 'A 3 CUADRAS DE LA ESCUELA', '00bff561-65df-11ed-8a78-feed01260033', '9616254185', NULL, 29380, 1, 'SAMR880915HCSNNB02', NULL, 'COBACH', 'ADMINISTRATIVO', 'OCOSINGO', 5, 0, 5000, 'Quincenal', 'BRENDA YARENI VELAZCO GRAJALES', 3, 0, 'IMSS', 'ENFERMERA', 18000, '5 DE MAYO, TUXTLA GUTIERREZ', '9613098751', 'Propia', 20, 0, 1, NULL, NULL, NULL, NULL, NULL, NULL, NULL, 1, 0, 1, 11, 1, '2022-11-16 18:52:34'),
('6ef906ef110f51070f806a7814e6af21', 'GUADALUPE JOSE DE LA TORRE', 'bc2b8b27-65d4-11ed-8a78-feed01260033', 'DOMICILIO CONOCIDO', '01de812e-65d7-11ed-8a78-feed01260033', '9612345047', NULL, 29178, 0, 'JOTG790627MCSSRD09', NULL, NULL, NULL, NULL, 0, 0, 0, 'Quincenal', NULL, NULL, NULL, NULL, NULL, NULL, NULL, NULL, 'Propia', 0, 0, 0, NULL, NULL, NULL, NULL, NULL, NULL, NULL, 1, 0, 1, 65, 0, '2022-11-22 21:51:59'),
('720ab762f335211f9510814744976521', 'RAUL VELAZQUEZ PEREZ', 'bc2b8b27-65d4-11ed-8a78-feed01260033', 'A 150 MTS DE LA ESCUELA PRIMARIA SIN NUMERO, LDO IGLESIA CRISTIANA', 'd43ae49f-6780-11ed-8a78-feed01260033', '9612320209', NULL, 29179, 1, 'VEPR770223HCSLRL08', NULL, 'TAXISTA EN EL AEROPUERTO', 'DUEÑO', 'AEROPUERTO INTERNACIONAL', 15, 0, 3000, 'Semanal', 'VERONICA JIMENEZ PINTO', 20, 0, 'NEGOCIO PROPIO', 'VENTA DE POLLO', 2000, 'MISMO DOMICILIO', '9614284478', 'Propia', 17, 0, 0, 'VERONICA DE JESUS JIMENEZ PINTO', NULL, NULL, NULL, NULL, NULL, NULL, 1, 0, 1, 69, 1, '2022-11-22 22:28:09'),
('77027d130de938eebdd573938116eb6f', 'FELIX PEREZ ENRIQUEZ', 'bc2b8b27-65d4-11ed-8a78-feed01260033', 'JUNTO AL RANCHO LINDA VISTA', '14c7fad4-65e1-11ed-8a78-feed01260033', '9611387623', NULL, 29180, 0, 'PEEF010609HTCRNLA2', NULL, 'NEGOCIO PROPIO', 'AGRICULTOR', 'JULIAN GRAJALES', 0, 7, 2000, 'Semanal', NULL, NULL, NULL, NULL, NULL, NULL, NULL, NULL, 'Propia', 1, 0, 0, 'PASCUAL PEREZ JIMENEZ', '9321220084', 'JULIAN GRAJALES', NULL, NULL, NULL, NULL, 0, 0, 1, 20, 1, '2022-11-16 20:58:02'),
('7819892737cb80cfb5a3d5485efd3805', 'ROCIO DEL CARMEN MAZARIEOS GOMEZ', 'a3e3dasd-bd10-hyhj-6765-2182783dpoas', 'AV ROSALES MZ1 LTE 10', '20c06825-66c4-11ed-8a78-feed01260033', '9614308575', NULL, 29018, 0, 'MAGR720617MCSZMC07', NULL, 'GUARDERIA', 'COCINERA', 'POTINASPAK', 11, 0, 1300, 'Semanal', NULL, NULL, NULL, NULL, NULL, NULL, NULL, NULL, 'Propia', 12, 0, 0, NULL, NULL, NULL, NULL, NULL, NULL, NULL, 1, 0, 1, 33, 1, '2022-11-17 22:12:46'),
('783ae2d6b5eee0807ddfd484b062fb26', 'ORALIA GOMEZ PEREZ', 'b12cf2d9-65e7-11ed-8a78-feed01260033', '3 CUADRAS ANTES DEL PANTEON', 'c5eaacad-65e7-11ed-8a78-feed01260033', '9651064873', NULL, 29375, 1, 'GOPO811109MCSMRR07', NULL, 'EN EL HOGAR', 'AMA DE CASA', NULL, 0, 0, 0, 'Quincenal', 'ORACIO VAZQUEZ BILCHIS', 30, 0, 'AGRICULTOR', 'AGRICULTOR', 5200, 'GUADALUPE VICTORIA', NULL, 'Propia', 23, 0, 2, 'MARIA OFELIA TORRES GOMEZ', NULL, 'GUADALUPE VICTORIA', NULL, NULL, NULL, NULL, 1, 0, 1, 17, 1, '2022-11-16 20:26:32'),
('7b304a3dce927767587935174f20221c', 'MARIA GUADALUPE CRUZ GOMEZ', 'bc2b8b27-65d4-11ed-8a78-feed01260033', 'AV NOGAL 3009, BLVD LIRIO DE LOS VALLES', 'b9628f7b-65dc-11ed-8a78-feed01260033', '9611057426', NULL, 29165, 0, 'COGG7712111MCRMD08', NULL, 'NEGOCIO PROPIO', 'VENTA DE CERVEZA Y POLLO DESTAZADO', 'AV NOGAL MZ 30 LT 9', 2, 0, 3000, 'Quincenal', NULL, NULL, NULL, NULL, NULL, NULL, NULL, NULL, 'Propia', 15, 0, 0, NULL, NULL, NULL, NULL, NULL, NULL, NULL, 0, 0, 1, 74, 1, '2022-11-23 18:46:49'),
('7ccd5f61e6c55f5e758adeebe58e53ac', 'YUDIANA CRUZ HERNANDEZ', 'bc2b8b27-65d4-11ed-8a78-feed01260033', 'AV CORONEL, FRENTE A LA TORTILLERIA Y FARMACIA STO DOMINGO', '2160574e-66c5-11ed-8a78-feed01260033', '9614577262', NULL, 29169, 1, 'CUHY930718MCSRRD01', NULL, 'VENTA DE GORDITAS Y TACOS', 'AYUDANTE', 'ORILLA DE CARRETERA, SALVADOR URBINA', 3, 0, 800, 'Semanal', 'RICARDO HERNANDEZ UTRILLA', 1, 0, 'RECICLADORA', 'COMPACTADOR', 8000, 'ENTRADA AL PUENTE SANTO DOMINGO', '9613750228', 'Familiares', 11, 0, 2, 'EL MARIDO', NULL, NULL, NULL, NULL, NULL, NULL, 1, 0, 1, 34, 1, '2022-11-17 22:21:04'),
('7dead25c47abf922dcc154fc56ead3b5', 'EULALIA GARCIA GONZALEZ', 'd590531d-65da-11ed-8a78-feed01260033', 'ANTES DEL VIVERO, BARRIO SAN FRANCISCO', 'e04830b5-65da-11ed-8a78-feed01260033', '9614682841', NULL, 29150, 1, 'GAGE781029MCSRNL02', NULL, 'VIVERO DE SUCHIAPA', 'EMPLEADA, AYUDANTE', 'SUCHIAPA', 8, 0, 1200, 'Semanal', 'GEREMIAS TECO JIMENEZ', 15, 0, 'ALBAÑIL', 'ALBAÑIL', 8800, 'SUCHIAPA', '9614252202', 'Propia', 22, 0, 2, NULL, NULL, NULL, NULL, NULL, NULL, NULL, 1, 0, 1, 6, 1, '2022-11-16 18:27:32'),
('7e19e2e23d69755379b743f787d191fd', 'BRENDA GUADALUPE GRAJALES CONSTANTINO', 'f23461b0-65de-11ed-8a78-feed01260033', 'A 3 CUADRAS DE LA ESCUELA', '00bff561-65df-11ed-8a78-feed01260033', '9613026540', NULL, 29380, 1, 'GACB801128MCSRNR08', NULL, 'PRESICENCIA MUNICIPAL DIF', 'ADMINISTRATIVO', '20 DE NOVIEMBRE', 0, 3, 3500, 'Quincenal', 'RIGOBERTO VELAZCO CONSUEGRA', 30, 0, 'TRAILERO', 'CHOFER', 14400, NULL, '9611000014', 'Propia', 30, 0, 0, NULL, NULL, NULL, NULL, NULL, NULL, NULL, 1, 0, 1, 35, 1, '2022-11-17 22:31:56'),
('8456d692667485a3a81daf9b31566e15', 'PAOLA MAYRANI MACIAS ARCHILA', 'bc2b8b27-65d4-11ed-8a78-feed01260033', '2A ENTRADA DE JULIAN GRAJALES', '14c7fad4-65e1-11ed-8a78-feed01260033', '9616259781', NULL, 29180, 0, 'MAAP960528MCSCRL04', NULL, 'LASTRE CONSTRUCCIONES', 'ADMINISTRATIVO', 'AEROPUERTO INTERNACIONAL', 0, 8, 3000, 'Semanal', NULL, NULL, NULL, NULL, NULL, NULL, NULL, NULL, 'Propia', 28, 0, 0, NULL, NULL, NULL, NULL, NULL, NULL, NULL, 1, 0, 1, 71, 1, '2022-11-23 18:12:18'),
('891730bf9e5af6a218a0f927a8b6af13', 'LUIS ISAI TORRES DIAZ', 'bc2b8b27-65d4-11ed-8a78-feed01260033', 'AL LADO DE LA SRA ISABEL SIN NUMERO', '14c7fad4-65e1-11ed-8a78-feed01260033', '9614479920', NULL, 29180, 1, 'TODL000418HCSRZSA1', NULL, 'AEROPUERTO INTERNACIONAL', 'INSPECTOR DE SEGURIDAD', 'AEROPUERTO INTERNACIONAL', 0, 5, 3700, 'Quincenal', 'GUADALUPE GOMEZ RAMOS', 4, 0, 'EN EL HOGAR', 'AMA DE CASA', 0, NULL, NULL, 'Rentada', 0, 500, 2, 'JOSE LUIS TORRES RUIZ, PARACE SER EL PAPA, ES REFERENCIA', NULL, NULL, NULL, NULL, NULL, NULL, 1, 0, 1, 73, 1, '2022-11-23 18:36:06'),
('8e296a067a37563370ded05f5a3bf3ec', 'GUSTAVO PANIAGUA ALFONSO', 'bc2b8b27-65d4-11ed-8a78-feed01260033', 'DOMICILIO CONOCIDO', '01de812e-65d7-11ed-8a78-feed01260033', '9614727186', NULL, 29178, 0, NULL, NULL, NULL, NULL, NULL, 0, 0, 0, 'Quincenal', NULL, NULL, NULL, NULL, NULL, NULL, NULL, NULL, 'Propia', 0, 0, 0, NULL, NULL, NULL, NULL, NULL, NULL, NULL, 1, 0, 1, 25, 0, '2022-11-16 21:34:40'),
('8f290d6ec0963d66f56b67ab393450e7', 'PAULINA BALBUENA GOMEZ', 'bc2b8b27-65d4-11ed-8a78-feed01260033', '2A OTE NTE SIN NUMERO, FRENTE AL COBACH', '14c7fad4-65e1-11ed-8a78-feed01260033', '9612520369', NULL, 29180, 1, 'BAGP970114MCSLML02', NULL, 'BUFET CHINO', 'CAJERA', 'TUXTLA GUTIERREZ', 2, 0, 1700, 'Semanal', 'CRUZ SANTILLON DOMINGUEZ', 11, 0, 'DUEÑO DE TAXI', 'CHOFER', 4000, 'TUXTLA GUTIERREZ', '9611427516', 'Propia', 8, 0, 0, NULL, NULL, NULL, NULL, NULL, NULL, NULL, 1, 0, 1, 30, 1, '2022-11-16 23:49:22'),
('9c9f52c8b9b3728c6c760b699b4df441', 'SAMUEL PABLO CRUZ JIMENEZ', 'a3e3dasd-bd10-hyhj-6765-2182783dpoas', 'CALZADA DEL CARMEN MZ 6 LTE 3', 'a279fc5f-6b5a-11ed-8a78-feed01260033', '9613224681', NULL, 29019, 1, 'CUJS830615HCSRMM08', NULL, 'OFICINA RADIO TAXIS', 'ADMINISTRATIVO', '15 OTE Y 4A NTE', 1, 6, 2500, 'Quincenal', 'BLANCA ROSA PEREZ GONZALEZ', 12, 0, 'PROVEEDORA DANJAR', 'SECRETARIA', 4800, '15 PTE Y 1A NTE', '9612325278', 'Propia', 8, 0, 3, NULL, NULL, NULL, NULL, NULL, NULL, NULL, 1, 0, 1, 72, 1, '2022-11-23 18:20:44'),
('9e62e4d5a77d21ff0237336fb5e7b4c2', 'ULBER ALEJANDRO FLORES PEREZ', 'bc2b8b27-65d4-11ed-8a78-feed01260033', 'AV 1A SUR PTE SIN NUMERO', 'eb29b36c-676a-11ed-8a78-feed01260033', '9614050937', NULL, 29160, 1, 'FOPU930919HCSLRL05', NULL, 'MOTO TAXI', 'CHOFER', 'EMILIANO ZAPATA', 7, 0, 1500, 'Semanal', 'CLAUDIA LIZETH FLORES MORALES', 0, 0, 'EN EL HOGAR', 'AMA DE CASA', 0, NULL, NULL, 'Propia', 3, 0, 2, 'DARINEL FLORES PEREZ', NULL, NULL, NULL, NULL, NULL, NULL, 1, 0, 1, 48, 1, '2022-11-18 18:11:32'),
('a2c037c71efd473c881ea537cc7911f9', 'KARLA PATRICIA MICELI DOMINGUEZ MICELI', 'a3e3dasd-bd10-hyhj-6765-2182783dpoas', 'AV. CUPAPE LT 3', '485e531d-65d9-11ed-8a78-feed01260033', '9671354911', NULL, 29094, 1, 'DOMK960316MCSMCR02', NULL, NULL, NULL, NULL, 0, 0, 0, 'Quincenal', 'LUIS ENRIQUE SANCHEZ PANIAGUA', 0, 0, 'SEGURIDAD PUBLICA', 'VIGILANTE', 8000, 'TUXTLA GUTIERREZ', '9612238445', 'Propia', 7, 0, 3, 'RIGOBERTO SANCHEA VAZQUEZ', '9614799566', 'TUXTLA GUTIERREZ', NULL, NULL, NULL, NULL, 1, 0, 1, 5, 1, '2022-11-16 18:14:57'),
('a87ff679a2f3e71d9181a67b7542122c', 'MARTHA YUDEISI PEREZ RINCON', 'bc2b8b27-65d4-11ed-8a78-feed01260033', 'DOMICILIO CONOCIDO', '01de812e-65d7-11ed-8a78-feed01260033', '9612109563', NULL, 29178, 0, NULL, NULL, NULL, NULL, NULL, 0, 0, 0, 'Quincenal', NULL, NULL, NULL, NULL, NULL, NULL, NULL, NULL, 'Propia', 0, 0, 0, NULL, NULL, NULL, NULL, NULL, NULL, NULL, 1, 0, 1, 4, 0, '2022-11-16 18:01:22'),
('b5904f878eb42ed48a4f690d485bace3', 'GABRIEL ARNULFO MENDEZ MONTEJO', 'bc2b8b27-65d4-11ed-8a78-feed01260033', 'CERCA DE FINCA DOLORES', 'a5ef60ca-66d4-11ed-8a78-feed01260033', '9613593924', NULL, 29176, 0, 'MEMG000829HCSNNBA1', NULL, 'AEROPUERTO INTERNACIONAL', 'ATENCION A CLIENTES', 'AEROPUERTO INTERNACIONAL', 1, 2, 2500, 'Quincenal', NULL, NULL, NULL, NULL, NULL, NULL, NULL, NULL, 'Propia', 22, 0, 0, 'LUCIA MONTEJO JOSE', NULL, NULL, NULL, NULL, NULL, NULL, 1, 0, 1, 46, 1, '2022-11-18 17:54:04'),
('bf198027c4073a3ecd9c31b14611582c', 'MISAEL DIAZ PEREZ', 'bc2b8b27-65d4-11ed-8a78-feed01260033', 'FRENTE A LA PREPA SIN NUMERO', '01de812e-65d7-11ed-8a78-feed01260033', '9611992723', NULL, 29178, 0, 'DIPM940116HCSZRS08', NULL, 'EMPRESA DE HERBOLIA', 'PROMOTOR DE VENTAS', 'TUXTLA GUTIERREZ', 10, 0, 2800, 'Semanal', NULL, NULL, NULL, NULL, NULL, NULL, NULL, NULL, 'Propia', 1, 0, 0, NULL, NULL, NULL, NULL, NULL, NULL, NULL, 1, 0, 1, 12, 1, '2022-11-16 18:59:27'),
('c08997a503dd4772f98afd096ea99a1a', 'KARLA BERENICE HERNANDEZ LARA', 'd590531d-65da-11ed-8a78-feed01260033', 'CALLE LA CONDESA SIN NUMERO', '4e03d05c-6ab5-11ed-8a78-feed01260033', '9613214251', NULL, 29150, 1, 'HELK030106MOCRRRA7', NULL, 'EN EL HOGAR', 'AMA DE CASA', NULL, 0, 0, 0, 'Quincenal', 'ELIAS PEREZ NAFATE', 4, 0, 'ALBAÑIL', 'ALBAÑIL', 6000, 'MISMO DOMICILIO', NULL, 'Familiares', 4, 0, 1, 'MANUELA LARA GUTIERREZ', '9616039600', NULL, NULL, NULL, NULL, NULL, 1, 0, 1, 70, 1, '2022-11-22 22:37:26'),
('c0c7c76d30bd3dcaefc96f40275bdc0a', 'MARIA GLORIA VON DUBEN AQUINO', 'a3e3dasd-bd10-hyhj-6765-2182783dpoas', 'DOMICILIO CONOCIDO', '22791dce-676d-11ed-8a78-feed01260033', '9614274671', NULL, NULL, 0, NULL, NULL, NULL, NULL, NULL, 0, 0, 0, 'Quincenal', NULL, NULL, NULL, NULL, NULL, NULL, NULL, NULL, 'Propia', 0, 0, 0, NULL, NULL, NULL, NULL, NULL, NULL, NULL, 1, 0, 1, 50, 0, '2022-11-18 18:16:43'),
('c9f0f895fb98ab9159f51fd0297e236d', 'HUMBERLAY JOSE GOMEZ', 'bc2b8b27-65d4-11ed-8a78-feed01260033', 'DOMICILIO CONOCIDO', '01de812e-65d7-11ed-8a78-feed01260033', '9611084490', NULL, 29178, 0, NULL, NULL, NULL, NULL, NULL, 0, 0, 0, 'Quincenal', NULL, NULL, NULL, NULL, NULL, NULL, NULL, NULL, 'Propia', 0, 0, 0, NULL, NULL, NULL, NULL, NULL, NULL, NULL, 1, 0, 1, 8, 0, '2022-11-16 18:39:51'),
('d2eb7ed18b185f259e59e30290472600', 'CARMEN EDILENI RUIZ VICENTE', 'bc2b8b27-65d4-11ed-8a78-feed01260033', 'CALLE BENITO JUAREZ 03', 'c8962db7-65d4-11ed-8a78-feed01260033', '9611767382', NULL, 29180, 1, 'RUVC851002MCSZCR04', NULL, 'VICERA EL PILON', 'AYUDANTE', 'TUXTLA GUTIERREZ', 1, 0, 1570, 'Semanal', 'OMAR ALEJANDRE DIAZ PEREZ', 10, 0, 'AGRICULTOR', 'EMPLEADO', 3200, 'EL TEJAR', '9611175249', 'Propia', 14, 0, 1, NULL, NULL, NULL, NULL, NULL, NULL, NULL, 1, 0, 1, 18, 1, '2022-11-16 20:36:20'),
('d3704e52bfaacee53cfe2614b7944396', 'MARIA ESTHELA VERA GOMEZ', 'b12cf2d9-65e7-11ed-8a78-feed01260033', '3A SUR OTE 1689', 'c5eaacad-65e7-11ed-8a78-feed01260033', '9651167003', NULL, 29375, 1, 'VEGE760919MCSRMS05', NULL, 'EMPLEADA DOMESTICA', 'AYUDANTE', 'GUADALUPE VICTORIA', 4, 0, 700, 'Semanal', 'RAMON DOMINGUEZ MACIAS', 45, 0, 'AGRICULTOR', 'AGRICULTOR', 3000, 'GUADALUPE VICTORIA', '9651227370', 'Propia', 15, 0, 3, 'EL CONYUGE', NULL, NULL, NULL, NULL, NULL, NULL, 1, 0, 1, 29, 1, '2022-11-16 22:13:31'),
('d3d0f6d65b7ef1918992dc9b8a2e02fa', 'VIRIDIANA GUADALUPE LOPEZ NUÑEZ', 'bc2b8b27-65d4-11ed-8a78-feed01260033', 'AV CUAUHTEMOC 754', 'bd193952-66c9-11ed-8a78-feed01260033', '9612028092', NULL, 29160, 0, 'LONV890414MCSPXR06', NULL, 'NEGOCIO PROPIO', 'VENTA DE ANTOJITOS', 'MISMO DOMICILIO', 8, 0, 3000, 'Quincenal', NULL, NULL, NULL, NULL, NULL, NULL, NULL, NULL, 'Propia', 33, 0, 3, NULL, NULL, NULL, NULL, NULL, NULL, NULL, 1, 0, 1, 37, 1, '2022-11-17 22:52:42'),
('d3d9446802a44259755d38e6d163e820', 'JORGE ALBERTO NUCAMENDI JOSE', 'bc2b8b27-65d4-11ed-8a78-feed01260033', 'DOMICILIO CONOCIDO', '01de812e-65d7-11ed-8a78-feed01260033', '9613592189', NULL, 29178, 0, NULL, NULL, NULL, NULL, NULL, 0, 0, 0, 'Quincenal', NULL, NULL, NULL, NULL, NULL, NULL, NULL, NULL, 'Propia', 0, 0, 0, NULL, NULL, NULL, NULL, NULL, NULL, NULL, 1, 0, 1, 10, 0, '2022-11-16 18:44:32'),
('d645920e395fedad7bbbed0eca3fe2e0', 'JESUS GOMEZ CRUZ', 'bc2b8b27-65d4-11ed-8a78-feed01260033', 'DOMICILIO CONOCIDO', '14c7fad4-65e1-11ed-8a78-feed01260033', '9612462919', NULL, 29180, 0, NULL, NULL, NULL, NULL, NULL, 0, 0, 0, 'Quincenal', NULL, NULL, NULL, NULL, NULL, NULL, NULL, NULL, 'Propia', 0, 0, 0, NULL, NULL, NULL, NULL, NULL, NULL, NULL, 1, 0, 1, 40, 0, '2022-11-17 23:12:35'),
('da60f874dfb6f6043285ec3ca857c023', 'LUIS ALBERTO ESPINOSA PEREZ', 'bc2b8b27-65d4-11ed-8a78-feed01260033', 'DOMICILIO CONOCIDO', '01de812e-65d7-11ed-8a78-feed01260033', '9611054267', NULL, 29178, 0, 'EIPL800513HCSSRS09', NULL, NULL, NULL, NULL, 0, 0, 0, 'Quincenal', NULL, NULL, NULL, NULL, NULL, NULL, NULL, NULL, 'Propia', 0, 0, 0, NULL, NULL, NULL, NULL, NULL, NULL, NULL, 1, 0, 1, 39, 0, '2022-11-17 23:08:40'),
('de70536ba66303a45b0bfb1d4f94f905', 'ANA CECILIA FLORES ALFARO NALGA', 'bc2b8b27-65d4-11ed-8a78-feed01260033', 'CALLE SIN NOMBRE MANZANA 9 LOTE 904', '01de812e-65d7-11ed-8a78-feed01260033', '9611550704', NULL, 29178, 1, 'FOAA950304MCSLLN03', NULL, 'EN EL HOGAR', 'AMA DE CASA', NULL, 0, 0, 0, 'Quincenal', 'GEU ELEAZAR CAMACHO MARTINEZ', 4, 0, 'AEROPUERTO INTERNACIONAL', 'OPERADOR', 8096, 'CHIAPA DE CORZO', '9612789465', 'Propia', 4, 0, 4, NULL, NULL, NULL, NULL, NULL, NULL, NULL, 1, 0, 1, 3, 1, '2022-12-18 19:41:20'),
('def7869b0926fba849ca8e6e5dae9833', 'SANDRA ISABEL GUTIERREZ SANTIAGO', 'a3e3dasd-bd10-hyhj-6765-2182783dpoas', 'LIBRAMIENTO SUR OTE 1251, COL FRANCISCO I MADERO', '01d3e8b1-65f6-11ed-8a78-feed01260033', '9612799106', NULL, 29090, 0, 'GUSS821222MCSTNN01', NULL, NULL, NULL, NULL, 0, 0, 0, 'Quincenal', NULL, NULL, NULL, NULL, NULL, NULL, NULL, NULL, 'Propia', 0, 0, 0, NULL, NULL, NULL, NULL, NULL, NULL, NULL, 1, 0, 1, 61, 0, '2022-11-22 21:20:11'),
('e31ca25dab7679e1ce7bfb47488acf05', 'ALEJANDRO ROBLES GUILLEN', 'bc2b8b27-65d4-11ed-8a78-feed01260033', 'SALIDA A JULIAN GRAJALES, EL RANCHITO', 'c8962db7-65d4-11ed-8a78-feed01260033', '9613280133', NULL, 29180, 1, 'ROGA700102HCSBLL02', NULL, 'SEGURIDADA PUBLICA', 'OPERATIVIDAD', 'TUXTLA GUTIERREZ', 25, 0, 4300, 'Quincenal', 'JOSEFA RUIZ PEREZ', 30, 0, NULL, NULL, 0, NULL, NULL, 'Propia', 28, 0, 0, NULL, NULL, NULL, NULL, NULL, NULL, NULL, 1, 0, 1, 2, 1, '2022-11-29 22:56:54'),
('e40d25dfaf8c5b132af37994d71abfa1', 'ROSA CASTILLO MORALES', 'b12cf2d9-65e7-11ed-8a78-feed01260033', 'AV 2A NTE OTE SIN NUMERO', 'c5eaacad-65e7-11ed-8a78-feed01260033', '9651218562', NULL, 29375, 1, 'CAMR761217MCSSRS01', NULL, 'NEGOCIO PROPIO', 'VENTA DE TORTILLAS, TACOS FRITOS Y EMPANADAS', 'EN SU DOMICILIO', 4, 0, 600, 'Semanal', 'AURELIO HERNANDEZ GUTIERREZ', 5, 0, 'BONICE', 'VENDEDO', 6000, 'GUADALUPE VICTORIA', NULL, 'Propia', 20, 0, 0, NULL, NULL, NULL, NULL, NULL, NULL, NULL, 0, 0, 1, 16, 1, '2022-11-16 20:09:06'),
('ea5d2f1c4608232e07d3aa3d998e5135', 'MARISA ICELA NUCAMENDI PEREZ', 'bc2b8b27-65d4-11ed-8a78-feed01260033', 'DOMICILIO CONOCIDO', '01de812e-65d7-11ed-8a78-feed01260033', '9612997220', NULL, 29178, 0, NULL, NULL, NULL, NULL, NULL, 0, 0, 0, 'Quincenal', NULL, NULL, NULL, NULL, NULL, NULL, NULL, NULL, 'Propia', 0, 0, 0, NULL, NULL, NULL, NULL, NULL, NULL, NULL, 1, 0, 1, 64, 0, '2022-11-22 21:49:56'),
('f2a17b6938aedfb31152e2c4c9fae1ff', 'WILSON RUIZ MENDEZ', 'f23461b0-65de-11ed-8a78-feed01260033', 'A 3 CUADRAS DE LA ESCUELA', '00bff561-65df-11ed-8a78-feed01260033', '9612722784', NULL, 29380, 1, 'RUMW990117HCSZNL06', NULL, 'CUSTEPEC', 'CHOFER', NULL, 3, 0, 2500, 'Quincenal', 'KARLA GUADALUPE VELAZCO GRAJALES', 3, 0, 'EN EL HOGAR', 'AMA DE CASA', 0, NULL, NULL, 'Familiares', 3, 0, 2, 'BRENDA GUADALUPA GRAJALES CONSTANTINO', '9613026540', 'A 3 CUADRAS DE LA ESCUELA, 20 DE NOVIEMBRE', NULL, NULL, NULL, NULL, 1, 0, 1, 36, 1, '2022-11-17 22:44:55'),
('f3f93702c606844cc549cebce0439195', 'ARIEL NURIULU ACERO', 'bc2b8b27-65d4-11ed-8a78-feed01260033', 'CABEZA DE AGUA SIN NUMERO', '14c7fad4-65e1-11ed-8a78-feed01260033', '9333276482', NULL, NULL, 0, 'NUAA640125HCSRCR01', NULL, 'NEGOCIO PROPIO', 'COMERCIANTE', 'JULIAN GRAJALES', 0, 0, 3000, 'Semanal', NULL, NULL, NULL, NULL, NULL, NULL, NULL, NULL, 'Propia', 4, 0, 0, NULL, NULL, NULL, NULL, NULL, NULL, NULL, 1, 0, 1, 27, 1, '2022-11-16 21:54:49'),
('f457c545a9ded88f18ecee47145a72c0', 'MARTHA PEREZ HERNANDEZ', 'a3e3dasd-bd10-hyhj-6765-2182783dpoas', 'DOMICILIO CONOCIDO', 'b895edc1-676c-11ed-8a78-feed01260033', '3223201849', NULL, 29019, 0, NULL, NULL, NULL, NULL, NULL, 0, 0, 0, 'Quincenal', NULL, NULL, NULL, NULL, NULL, NULL, NULL, NULL, 'Propia', 0, 0, 0, NULL, NULL, NULL, NULL, NULL, NULL, NULL, 1, 0, 1, 49, 0, '2022-11-18 18:14:43'),
('f6ad45d70d7edcb8ace285d2fc667d33', 'RAFAEL ALTUZAR PEDROZA', 'bc2b8b27-65d4-11ed-8a78-feed01260033', 'AV JULIAN GRAJALES 208, BARRIO SAN MIGUEL ARCANGEL', 'da75d751-677f-11ed-8a78-feed01260033', '9611502608', NULL, 29160, 0, 'AUPR691026HDFLDF01', NULL, NULL, NULL, NULL, 0, 0, 0, 'Quincenal', NULL, NULL, NULL, NULL, NULL, NULL, NULL, NULL, 'Propia', 0, 0, 0, NULL, NULL, NULL, NULL, NULL, NULL, NULL, 1, 0, 1, 58, 0, '2022-11-18 20:33:18'),
('f988608bdfda0eeada3a6030e329a016', 'ALBERTO MENDEZ MONTEJO', 'bc2b8b27-65d4-11ed-8a78-feed01260033', 'CERCA DE FINCA DOLORES', 'a5ef60ca-66d4-11ed-8a78-feed01260033', '9612464969', NULL, 29176, 1, 'MEMA931007HCSNNL00', NULL, 'AEROPUERTO INTERNACIONAL', 'AGENTE DE TRAFICO', 'AEROPUERTO INTERNACIONAL', 1, 8, 3500, 'Quincenal', 'ANGELICA GUADALUPE MACIAS GARCIA', 2, 0, 'EN EL HOGAR', 'AMA DE CASA', 0, NULL, '9616508212', 'Propia', 28, 0, 1, 'LUCIA MONTEJO JOSE', NULL, NULL, NULL, NULL, NULL, NULL, 1, 0, 1, 45, 1, '2022-11-18 00:12:34'),
('fadcb7fd3b860fefec95be2da09d0527', 'BARTOLOME COUTIÑO LOPEZ', 'a3e3dasd-bd10-hyhj-6765-2182783dpoas', 'MEXICO LT 12 MZ 107, AV GUANAJUATO TLAXCALA', '2f9c6f13-66cf-11ed-8a78-feed01260033', '9321027298', NULL, 29019, 1, 'COLB780915HCSTPR00', NULL, 'TALLER BCB', 'OPERADOR', 'JUAN CRISPIN', 15, 0, 5000, 'Semanal', 'NAYELI GONZALEZ DIAZ', 2, 0, 'EN EL HOGAR', 'AMA DE CASA', 0, NULL, NULL, 'Propia', 38, 0, 0, 'LA MAMA, ES REFERENCIA', NULL, NULL, NULL, NULL, NULL, NULL, 1, 0, 1, 43, 1, '2022-11-17 23:33:50'),
('fca90cb5934b08568158292181c58b7f', 'MARIA DE LOS ANGELES VAZQUEZ NANDAYAPA', 'bc2b8b27-65d4-11ed-8a78-feed01260033', 'CALLE PRINCIPAL SIN NUMERO, A 100 M. DE LA ESCUELA PRIMARIA', '240f9cb9-65e4-11ed-8a78-feed01260033', '9614015075', NULL, 29180, 1, 'VANA640605MCSZNN04', NULL, NULL, NULL, NULL, 0, 0, 0, 'Quincenal', 'SAUL ORACIO GONZALEZ ORANTES', 4, 0, 'CERVECENTRO', 'PROPIETARIO', 9000, 'EL TEJAR', '9614524700', 'Propia', 4, 0, 0, NULL, NULL, NULL, NULL, NULL, NULL, NULL, 1, 0, 1, 21, 1, '2022-11-16 21:09:15'),
('ffe56005a66d340b51a8c9d7029e3f82', 'GUSTAVO HUMBERTO PANIAGUA RUIZ', 'bc2b8b27-65d4-11ed-8a78-feed01260033', 'DOMICILIO CONOCIDO', '01de812e-65d7-11ed-8a78-feed01260033', '9611885717', NULL, 29178, 0, 'PARG480814HCSNZS00', NULL, NULL, NULL, NULL, 0, 0, 0, 'Quincenal', NULL, NULL, NULL, NULL, NULL, NULL, NULL, NULL, 'Propia', 0, 0, 0, NULL, NULL, NULL, NULL, NULL, NULL, NULL, 1, 0, 1, 66, 0, '2022-11-22 21:54:04');

-- --------------------------------------------------------

--
-- Estructura de tabla para la tabla `compra_tipo`
--

DROP TABLE IF EXISTS `compra_tipo`;
CREATE TABLE IF NOT EXISTS `compra_tipo` (
  `idtipo_compra` char(36) COLLATE utf8_spanish_ci NOT NULL,
  `nombre_compra` varchar(100) COLLATE utf8_spanish_ci NOT NULL,
  PRIMARY KEY (`idtipo_compra`)
) ENGINE=InnoDB DEFAULT CHARSET=utf8 COLLATE=utf8_spanish_ci;

--
-- Truncar tablas antes de insertar `compra_tipo`
--

TRUNCATE TABLE `compra_tipo`;
--
-- Volcado de datos para la tabla `compra_tipo`
--

INSERT INTO `compra_tipo` (`idtipo_compra`, `nombre_compra`) VALUES
('2c907098-53f8-11ed-9f62-d481d7c3a9ad', 'Credito'),
('36ed5c19-53f8-11ed-9f62-d481d7c3a9ad', 'Contado');

-- --------------------------------------------------------

--
-- Estructura de tabla para la tabla `configuracion`
--

DROP TABLE IF EXISTS `configuracion`;
CREATE TABLE IF NOT EXISTS `configuracion` (
  `idconfiguracion` int(11) NOT NULL AUTO_INCREMENT,
  `configuracion` varchar(100) COLLATE utf8_spanish_ci NOT NULL,
  `valor_char` varchar(50) COLLATE utf8_spanish_ci DEFAULT NULL,
  `valor_int` int(11) DEFAULT NULL,
  PRIMARY KEY (`idconfiguracion`)
) ENGINE=InnoDB AUTO_INCREMENT=3 DEFAULT CHARSET=utf8 COLLATE=utf8_spanish_ci;

--
-- Truncar tablas antes de insertar `configuracion`
--

TRUNCATE TABLE `configuracion`;
--
-- Volcado de datos para la tabla `configuracion`
--

INSERT INTO `configuracion` (`idconfiguracion`, `configuracion`, `valor_char`, `valor_int`) VALUES
(1, 'serie', '0000001', NULL),
(2, 'activador_especial', NULL, 1);

-- --------------------------------------------------------

--
-- Estructura de tabla para la tabla `documento`
--

DROP TABLE IF EXISTS `documento`;
CREATE TABLE IF NOT EXISTS `documento` (
  `iddocumento` int(11) NOT NULL AUTO_INCREMENT,
  `name_documento` varchar(100) COLLATE utf8_spanish_ci NOT NULL,
  `folio` varchar(10) COLLATE utf8_spanish_ci NOT NULL,
  `serie` varchar(20) COLLATE utf8_spanish_ci NOT NULL,
  `idsucursal` int(11) NOT NULL,
  `estado` int(1) DEFAULT '1',
  `creado_en` timestamp NOT NULL DEFAULT CURRENT_TIMESTAMP,
  PRIMARY KEY (`iddocumento`),
  KEY `es de la` (`idsucursal`)
) ENGINE=InnoDB AUTO_INCREMENT=2 DEFAULT CHARSET=utf8 COLLATE=utf8_spanish_ci;

--
-- Truncar tablas antes de insertar `documento`
--

TRUNCATE TABLE `documento`;
--
-- Volcado de datos para la tabla `documento`
--

INSERT INTO `documento` (`iddocumento`, `name_documento`, `folio`, `serie`, `idsucursal`, `estado`, `creado_en`) VALUES
(1, 'NOTA DE VENTA', 'MAT', '0000002', 1, 1, '2022-03-29 06:17:20');

-- --------------------------------------------------------

--
-- Estructura de tabla para la tabla `modalidad_pago`
--

DROP TABLE IF EXISTS `modalidad_pago`;
CREATE TABLE IF NOT EXISTS `modalidad_pago` (
  `idmodalidad_pago` char(36) COLLATE utf8_spanish_ci NOT NULL,
  `nombre_modalidad` varchar(100) COLLATE utf8_spanish_ci NOT NULL,
  PRIMARY KEY (`idmodalidad_pago`)
) ENGINE=InnoDB DEFAULT CHARSET=utf8 COLLATE=utf8_spanish_ci;

--
-- Truncar tablas antes de insertar `modalidad_pago`
--

TRUNCATE TABLE `modalidad_pago`;
--
-- Volcado de datos para la tabla `modalidad_pago`
--

INSERT INTO `modalidad_pago` (`idmodalidad_pago`, `nombre_modalidad`) VALUES
('2de9e123-53da-11ed-9f62-d481d7c3a9ad', 'Semanal'),
('35217c59-53da-11ed-9f62-d481d7c3a9ad', 'Quincenal'),
('45519ce0-53da-11ed-9f62-d481d7c3a9ad', 'Mensual');

-- --------------------------------------------------------

--
-- Estructura de tabla para la tabla `newnotificacion`
--

DROP TABLE IF EXISTS `newnotificacion`;
CREATE TABLE IF NOT EXISTS `newnotificacion` (
  `idnotificaciones` varchar(50) COLLATE utf8_spanish_ci NOT NULL,
  `mensaje` text COLLATE utf8_spanish_ci NOT NULL,
  `fecha` date NOT NULL,
  `hora` time NOT NULL,
  PRIMARY KEY (`idnotificaciones`)
) ENGINE=InnoDB DEFAULT CHARSET=utf8 COLLATE=utf8_spanish_ci;

--
-- Truncar tablas antes de insertar `newnotificacion`
--

TRUNCATE TABLE `newnotificacion`;
-- --------------------------------------------------------

--
-- Estructura de tabla para la tabla `notificaciones`
--

DROP TABLE IF EXISTS `notificaciones`;
CREATE TABLE IF NOT EXISTS `notificaciones` (
  `idnotificaciones` varchar(50) COLLATE utf8_spanish_ci NOT NULL,
  `mensaje` text COLLATE utf8_spanish_ci NOT NULL,
  `fecha` date NOT NULL,
  `hora` time NOT NULL,
  PRIMARY KEY (`idnotificaciones`)
) ENGINE=InnoDB DEFAULT CHARSET=utf8 COLLATE=utf8_spanish_ci;

--
-- Truncar tablas antes de insertar `notificaciones`
--

TRUNCATE TABLE `notificaciones`;
-- --------------------------------------------------------

--
-- Estructura de tabla para la tabla `permiso`
--

DROP TABLE IF EXISTS `permiso`;
CREATE TABLE IF NOT EXISTS `permiso` (
  `idpermiso` int(11) NOT NULL AUTO_INCREMENT,
  `permiso` varchar(100) COLLATE utf8_spanish_ci NOT NULL,
  PRIMARY KEY (`idpermiso`)
) ENGINE=InnoDB AUTO_INCREMENT=25 DEFAULT CHARSET=utf8 COLLATE=utf8_spanish_ci;

--
-- Truncar tablas antes de insertar `permiso`
--

TRUNCATE TABLE `permiso`;
--
-- Volcado de datos para la tabla `permiso`
--

INSERT INTO `permiso` (`idpermiso`, `permiso`) VALUES
(1, 'VENTAS'),
(2, 'Nueva venta'),
(3, 'Editar ventas'),
(4, 'PRODUCTOS'),
(5, 'Nuevo producto'),
(6, 'Editar productos'),
(7, 'Eliminar productos'),
(8, 'Imágenes'),
(9, 'Ver costos'),
(10, 'Editar lista'),
(11, 'Compras'),
(12, 'CLIENTES'),
(13, 'Nuevo cliente'),
(14, 'Editar cliente Full'),
(15, 'Editar cliente Limitado'),
(16, 'Cobranza'),
(17, 'PROVEEDOR'),
(18, 'Nuevo proveedor'),
(19, 'Editar proveedores'),
(20, 'CONFIGURACION'),
(21, 'Usuarios'),
(22, 'Sucursales'),
(23, 'Documentos'),
(24, 'General');

-- --------------------------------------------------------

--
-- Estructura de tabla para la tabla `permiso_usuario`
--

DROP TABLE IF EXISTS `permiso_usuario`;
CREATE TABLE IF NOT EXISTS `permiso_usuario` (
  `permiso_idpermiso` int(11) NOT NULL,
  `permiso_idusuario` char(36) COLLATE utf8_spanish_ci NOT NULL,
  PRIMARY KEY (`permiso_idpermiso`,`permiso_idusuario`),
  KEY `asignado al` (`permiso_idusuario`),
  KEY `es el` (`permiso_idpermiso`)
) ENGINE=InnoDB DEFAULT CHARSET=utf8 COLLATE=utf8_spanish_ci;

--
-- Truncar tablas antes de insertar `permiso_usuario`
--

TRUNCATE TABLE `permiso_usuario`;
--
-- Volcado de datos para la tabla `permiso_usuario`
--

INSERT INTO `permiso_usuario` (`permiso_idpermiso`, `permiso_idusuario`) VALUES
(4, '0a96aada-bd56-11ec-b09f-asjg75jfl123'),
(5, '0a96aada-bd56-11ec-b09f-asjg75jfl123'),
(8, '0a96aada-bd56-11ec-b09f-asjg75jfl123'),
(9, '0a96aada-bd56-11ec-b09f-asjg75jfl123'),
(12, '0a96aada-bd56-11ec-b09f-asjg75jfl123'),
(12, '31dc4650-702c-11ed-b13a-d481d7c3a9ad'),
(13, '0a96aada-bd56-11ec-b09f-asjg75jfl123'),
(13, '31dc4650-702c-11ed-b13a-d481d7c3a9ad'),
(15, '0a96aada-bd56-11ec-b09f-asjg75jfl123'),
(15, '31dc4650-702c-11ed-b13a-d481d7c3a9ad');

-- --------------------------------------------------------

--
-- Estructura de tabla para la tabla `producto`
--

DROP TABLE IF EXISTS `producto`;
CREATE TABLE IF NOT EXISTS `producto` (
  `idproducto` char(36) COLLATE utf8_spanish_ci NOT NULL,
  `identificador` varchar(100) COLLATE utf8_spanish_ci NOT NULL,
  `codigo_barras` varchar(200) COLLATE utf8_spanish_ci DEFAULT NULL,
  `categoria` char(36) COLLATE utf8_spanish_ci NOT NULL,
  `subcategoria` char(36) COLLATE utf8_spanish_ci DEFAULT NULL,
  `descripcion` text COLLATE utf8_spanish_ci,
  `serializado` tinyint(1) NOT NULL,
  `atr1_producto` varchar(100) COLLATE utf8_spanish_ci DEFAULT NULL,
  `atr2_producto` varchar(100) COLLATE utf8_spanish_ci DEFAULT NULL,
  `atr3_producto` varchar(100) COLLATE utf8_spanish_ci DEFAULT NULL,
  `atr4_producto` varchar(100) COLLATE utf8_spanish_ci DEFAULT NULL,
  `atr5_producto` varchar(100) COLLATE utf8_spanish_ci DEFAULT NULL,
  `stock_min` int(11) DEFAULT NULL,
  `stock_max` int(11) DEFAULT NULL,
  `ext_p` int(11) DEFAULT NULL,
  `costo` double NOT NULL,
  `costo_iva` double NOT NULL,
  `costo_contado` double NOT NULL,
  `costo_especial` double DEFAULT NULL,
  `costo_cr1` double NOT NULL,
  `costo_cr2` double NOT NULL,
  `costo_p1` double NOT NULL,
  `costo_p2` double NOT NULL,
  `costo_eq` double NOT NULL,
  `costo_enganche` double NOT NULL,
  `creado_en` timestamp NOT NULL DEFAULT CURRENT_TIMESTAMP,
  PRIMARY KEY (`idproducto`),
  KEY `es_categoria` (`categoria`),
  KEY `es_subcategoria` (`subcategoria`)
) ENGINE=InnoDB DEFAULT CHARSET=utf8 COLLATE=utf8_spanish_ci;

--
-- Truncar tablas antes de insertar `producto`
--

TRUNCATE TABLE `producto`;
--
-- Volcado de datos para la tabla `producto`
--

INSERT INTO `producto` (`idproducto`, `identificador`, `codigo_barras`, `categoria`, `subcategoria`, `descripcion`, `serializado`, `atr1_producto`, `atr2_producto`, `atr3_producto`, `atr4_producto`, `atr5_producto`, `stock_min`, `stock_max`, `ext_p`, `costo`, `costo_iva`, `costo_contado`, `costo_especial`, `costo_cr1`, `costo_cr2`, `costo_p1`, `costo_p2`, `costo_eq`, `costo_enganche`, `creado_en`) VALUES
('2482928a-083a-11ed-8a78-feed01260033', 'CELAYA-CELAYA', NULL, 'ae569a66-0838-11ed-8a78-feed01260033', '3c5ed5a3-0839-11ed-8a78-feed01260033', 'ANTE COMEDOR TUBULAR CELEYA SILLA CELAYA (4sillas 1 1/4\", 1banca mesa rectangular 3\" de 1.50 (x) 0.90)', 0, 'VALMAR', 'TUBULAR', 'RECTANGULAR', '4', NULL, NULL, NULL, 4, 5941, 6892, 9305, 10701, 13578, 14267, 9.8391304347826, 10.338405797101, 690, 1385, '2022-07-20 14:42:13'),
('5b64b366-083a-11ed-8a78-feed01260033', 'LAZZIO-LAZZIO', NULL, 'ae569a66-0838-11ed-8a78-feed01260033', '3c5ed5a3-0839-11ed-8a78-feed01260033', 'ANTE COMEDOR TUBULAR MOD LAZZIO SILLAS LAZZIO (6SILLAS, 1MESA RECTANGULAR, 3\")', 0, 'VALMAR', 'TUBULAR', 'RECTANGULAR', '6', NULL, NULL, NULL, 1, 6226, 7223, 9752, 11215, 14158, 14880, 9.7911479944675, 10.290456431535, 723, 1440, '2022-07-20 14:43:45'),
('78227e70-083a-11ed-8a78-feed01260033', 'MONACO-MONACO', NULL, 'ae569a66-0838-11ed-8a78-feed01260033', '3c5ed5a3-0839-11ed-8a78-feed01260033', 'ANTE COMEDOR TUBULAR MOD MONACO SILLAS MONACO (6SILLAS, 1 MESA RECTANGULAR)', 0, 'VALMAR', 'TUBULAR', 'RECTANGULAR', '6', NULL, NULL, NULL, NULL, 6277, 7282, 9831, 11306, 14273, 15001, 9.7894375857339, 10.288751714678, 729, 1451, '2022-07-20 14:44:33'),
('929893e5-0839-11ed-8a78-feed01260033', 'DAMASCO-DAMASCO', NULL, 'ae569a66-0838-11ed-8a78-feed01260033', '3c5ed5a3-0839-11ed-8a78-feed01260033', 'ANTE COMEDOR TUBULAR MOD DAMASCO SILLA DAMASCO (4 sillas 1\", mesa rectangular 1 1/2\" de 1.22(x) 0.90)', 0, 'VALMAR', 'TUBULAR', 'RECTANGULAR', '4', NULL, NULL, NULL, NULL, 2000, 2320, 3132, 3602, 4872, 5104, 6.09, 6.38, 400, 560, '2022-07-20 14:38:08'),
('c1831932-0839-11ed-8a78-feed01260033', 'LIZA-SANTIAGO', NULL, '3d8e891c-7ff7-11ed-a8ab-d481d7c3a9ad', NULL, 'ANTE COMEDOR TUBULAR MOD LIZA SILLAS SANTIAGO (6SILLAS, 1MESA RECTANGULAR)', 0, 'VALMAR', 'TUBULAR', 'RECTANGULAR', '6', 'asd', NULL, NULL, 2, 4260, 4942, 5190, 6228, 7957, 9390, 9.6565533980583, 11.395631067961, 412, 711, '2022-07-20 14:39:27'),
('f03e4ddf-0839-11ed-8a78-feed01260033', 'VERSALLES-TIFFANY', NULL, 'ae569a66-0838-11ed-8a78-feed01260033', '3c5ed5a3-0839-11ed-8a78-feed01260033', 'ANTE COMEDOR TUBULAR VERSALLES SILLA TIFFANY (6sillas 1 1/4\", mesa rectangular 3\" de 1.50(x) 0.90)', 0, 'VALMAR', 'TUBULAR', 'RECTANGULAR', '6', NULL, NULL, NULL, NULL, 4842, 5617, 7583, 8721, 11234, 11796, 9.9946619217082, 10.494661921708, 562, 1162, '2022-07-20 14:40:45');

-- --------------------------------------------------------

--
-- Estructura de tabla para la tabla `proveedor`
--

DROP TABLE IF EXISTS `proveedor`;
CREATE TABLE IF NOT EXISTS `proveedor` (
  `idproveedor` char(36) COLLATE utf8_spanish_ci NOT NULL,
  `nombre_proveedor` varchar(200) COLLATE utf8_spanish_ci NOT NULL,
  `tel_proveedor` varchar(20) COLLATE utf8_spanish_ci DEFAULT NULL,
  PRIMARY KEY (`idproveedor`)
) ENGINE=InnoDB DEFAULT CHARSET=utf8 COLLATE=utf8_spanish_ci;

--
-- Truncar tablas antes de insertar `proveedor`
--

TRUNCATE TABLE `proveedor`;
--
-- Volcado de datos para la tabla `proveedor`
--

INSERT INTO `proveedor` (`idproveedor`, `nombre_proveedor`, `tel_proveedor`) VALUES
('20554dc8-53f8-11ed-9f62-d481d7c3a9ad', 'Proveedor 2', NULL),
('751bd638-5883-11ed-9b0e-d481d7c3a9ad', 'Proveedor 3', NULL),
('cf18e633-53f7-11ed-9f62-d481d7c3a9ad', 'Proveedor 1', '9611238765');

-- --------------------------------------------------------

--
-- Estructura de tabla para la tabla `puesto`
--

DROP TABLE IF EXISTS `puesto`;
CREATE TABLE IF NOT EXISTS `puesto` (
  `idpuesto` char(36) COLLATE utf8_spanish_ci NOT NULL,
  `puesto` varchar(200) COLLATE utf8_spanish_ci NOT NULL,
  `descripcion` text COLLATE utf8_spanish_ci,
  `creado_en` timestamp NOT NULL DEFAULT CURRENT_TIMESTAMP,
  PRIMARY KEY (`idpuesto`)
) ENGINE=InnoDB DEFAULT CHARSET=utf8 COLLATE=utf8_spanish_ci;

--
-- Truncar tablas antes de insertar `puesto`
--

TRUNCATE TABLE `puesto`;
--
-- Volcado de datos para la tabla `puesto`
--

INSERT INTO `puesto` (`idpuesto`, `puesto`, `descripcion`, `creado_en`) VALUES
('6e3f32fa-bd10-11ec-a5db-d481d723r4ed', 'Administrativo', 'Este es el puesto de administrador de la mueblaria. Podra acceder a cosas de administración', '2022-03-29 06:17:05'),
('6e3f32fa-bd10-11ec-a5db-d481d765gtrs', 'Vendedor-Cobrador', 'Este es el puesto de vendedor', '2022-03-29 06:17:05');

-- --------------------------------------------------------

--
-- Estructura de tabla para la tabla `referencias_cliente`
--

DROP TABLE IF EXISTS `referencias_cliente`;
CREATE TABLE IF NOT EXISTS `referencias_cliente` (
  `idreferencia` int(11) NOT NULL AUTO_INCREMENT,
  `nombre` varchar(100) COLLATE utf8_spanish_ci NOT NULL,
  `domicilio` varchar(500) COLLATE utf8_spanish_ci NOT NULL,
  `relacion` varchar(100) COLLATE utf8_spanish_ci NOT NULL,
  `tel` varchar(20) COLLATE utf8_spanish_ci NOT NULL,
  `nota` text COLLATE utf8_spanish_ci NOT NULL,
  `idcliente` varchar(50) COLLATE utf8_spanish_ci NOT NULL,
  PRIMARY KEY (`idreferencia`),
  KEY `pertenece_a_cliente` (`idcliente`)
) ENGINE=InnoDB AUTO_INCREMENT=308 DEFAULT CHARSET=utf8 COLLATE=utf8_spanish_ci;

--
-- Truncar tablas antes de insertar `referencias_cliente`
--

TRUNCATE TABLE `referencias_cliente`;
--
-- Volcado de datos para la tabla `referencias_cliente`
--

INSERT INTO `referencias_cliente` (`idreferencia`, `nombre`, `domicilio`, `relacion`, `tel`, `nota`, `idcliente`) VALUES
(13, 'VIRIDIANA PANIAGUA SANCHEZ', 'TUXTLA GUTIERREZ', 'CUÑADA - CONOCIDA', '9613320167', '', 'a2c037c71efd473c881ea537cc7911f9'),
(14, 'JORGE ARTURO TOALA DOMINGUEZ', 'TUXTLA GUTIERREZ', 'PAPA', '9614383316', '', 'a2c037c71efd473c881ea537cc7911f9'),
(15, 'GERARDO ARTURO DOMINGUEZ TOALA', 'TUXTLA GUTIERREZ', 'HERMANO', '9611144132', '', 'a2c037c71efd473c881ea537cc7911f9'),
(16, 'RIGOBERTO SANCHEA VAZQUEZ', 'TUXTLA GUTIERREZ', 'SUEGRO', '9614799566', '', 'a2c037c71efd473c881ea537cc7911f9'),
(17, 'MARIA EZEQUIELA GUTIERREZ ALBORES', 'SUCHIAPA', 'NUERA', '9611171920', '', '7dead25c47abf922dcc154fc56ead3b5'),
(18, 'LIDIA PAULA MORENO GUTIERREZ', 'SUCHIAPA', 'NUERA', '9613027184', '', '7dead25c47abf922dcc154fc56ead3b5'),
(19, 'DOROTEA TECO GARCIA', 'SUCHIAPA', 'HIJA', '9611170413', '', '7dead25c47abf922dcc154fc56ead3b5'),
(20, 'VIRIDIANA GUTIERREZ ALBORES', 'SUCHIAPA', 'CONOCIDA', '9613691226', '', '7dead25c47abf922dcc154fc56ead3b5'),
(21, 'CARLOS GILBERTO MENDEZ GONZALEZ', 'BERRIOZABAL', 'HIJO', '9613727374', '', '34907053fc0f287789116252e776daa2'),
(22, 'UBE YOVANI DOMINGUEZ GONZALEZ', 'JARDINES DEL GRIJALVA', 'HIJO', '9613659917', '', '34907053fc0f287789116252e776daa2'),
(23, 'GLADIS SIOMARA ESCOBAR SHON', 'JARDINES DEL GRIJALVA', 'VECINA', '9611315943', '', '34907053fc0f287789116252e776daa2'),
(24, 'MICHEL JAVIER CARRASCO SOLIZ', 'JARDINES DEL GRIJALVA', 'YERNO', '9614262229', '', '34907053fc0f287789116252e776daa2'),
(25, 'OCTAVIO SANTOS COELLO', '20 DE NOVIEMBRE', 'PRIMO', '9612007815', '', '6b7559e557a13074d62549610e51e562'),
(26, 'NELY DEL CARMEN MENDEZ MONTEROSA', '2O DE NOVIEMBRE', 'MAMA', '9616557335', '', '6b7559e557a13074d62549610e51e562'),
(27, 'OMAR CONDE HERNANDEZ', '20 DE NOVIEMBRE', 'CUÑADO - CONOCIDO', '9613482181', '', '6b7559e557a13074d62549610e51e562'),
(28, 'JOSE GUADALUPE CRUZ HERNANDEZ', '20 DE NOVIEMBRE', 'CONOCIDO', '9612326781', '', '6b7559e557a13074d62549610e51e562'),
(29, 'CARLOS ALBERTO DIAZ PEREZ', 'TUXTLA GUTIERREZ', 'HERMANO', '9614153978', '', 'bf198027c4073a3ecd9c31b14611582c'),
(30, 'ARIANA DIAZ CANSINO', 'TUXTLA GUTIERREZ', 'HERMANA', '9212009200', '', 'bf198027c4073a3ecd9c31b14611582c'),
(31, 'FABIOLA JIMENEZ PEREZ', 'DISTRITO FEDERAL', 'CUÑADA - CONOCIDA', '9611021150', '', 'bf198027c4073a3ecd9c31b14611582c'),
(32, 'NANCY KARINA PEREZ VAZQUEZ', 'GALECIO NARCIA', 'CONOCIDA', '9612700099', '', 'bf198027c4073a3ecd9c31b14611582c'),
(33, 'ENRI FABIAN MENDOZA GALLEGOS', 'JULIAN GRAJALES', 'HIJO', '9616401738', '', '2dea84749df7aa151bf89c548ce895bb'),
(34, 'VIVIANA GUADALUPE COUTIÑO TREJO', 'JULIAN GRAJALES', 'NUERA', '9612348220', '', '2dea84749df7aa151bf89c548ce895bb'),
(35, 'ANITA HERNANDEZ CALVO', 'JULIAN GRAJALES', 'MAMA', '9613668654', '', '2dea84749df7aa151bf89c548ce895bb'),
(36, 'ELVIA PEREZ GOMEZ', 'JULIAN GRAJALES', 'VECINA', '9612187010', '', '2dea84749df7aa151bf89c548ce895bb'),
(37, 'RONALDO MARROQUIN SANCHEZ', 'EL TEJAR', 'HERMANO', '9612062131', '', '42fa35379e271d074776f6372818ddd7'),
(38, 'JOSE MARROQUIN PEÑA', 'EL TEJAR', 'PAPA', '9611826558', '', '42fa35379e271d074776f6372818ddd7'),
(39, 'ANALI DOMINGUEZ MARROQUIN', 'EL TEJAR', 'VECINA', '9611762796', '', '42fa35379e271d074776f6372818ddd7'),
(40, 'ELOY DOMINGUEZ MARROQUIN', 'EL TEJAR', 'PRIMO', '9612023443', '', '42fa35379e271d074776f6372818ddd7'),
(41, 'RUSBEL ARDAI MORENO MARROQUIN', 'SUCHIAPA', 'HIJO', '9611085127', '', '1012ed3411b9bbfebd1cd316faa73518'),
(42, 'ITZEL GUADALUPE MORENO MARROQUIN', 'SUCHIAPA', 'HIJA', '9616253814', '', '1012ed3411b9bbfebd1cd316faa73518'),
(43, 'JESUS GUADALUPE SARAUZ NAFATE', 'SUCHIAPA', 'CHALAN', '9612784457', '', '1012ed3411b9bbfebd1cd316faa73518'),
(44, 'JOSE MARTIN CHAMPO NAFATE', 'SUCHIAPA', 'CONOCIDO', '9612023895', '', '1012ed3411b9bbfebd1cd316faa73518'),
(48, 'AURELIO HERNANDEZ CASTILLO', 'GUADALUPE VICTORIA', 'HIJO', '9612368460', '', 'e40d25dfaf8c5b132af37994d71abfa1'),
(49, 'FELIPE HERNANDEZ CASTILLO', 'GUADALUPE VICTORIA', 'HIJO', '9651194577', '', 'e40d25dfaf8c5b132af37994d71abfa1'),
(50, 'ARTEMIA MACIAS PEREZ', 'GUADALUPE VICTORIA', 'VECINA', '9616427986', '', 'e40d25dfaf8c5b132af37994d71abfa1'),
(55, 'ROSA ANGELITA TOALA MENDEZ', 'GUADALUPE VICTORIA', 'VECINA', '9611954072', '', '783ae2d6b5eee0807ddfd484b062fb26'),
(56, 'HEIDI ROCIO GUZMAN PEREZ', 'GUADALUPE VICTORIA', 'CONOCIDA', '9611953851', '', '783ae2d6b5eee0807ddfd484b062fb26'),
(57, 'JUAN MANUEL VAZQUEZ BILCHIS', 'GUADALUPE VICTORIA', 'CUÑADO', '9612942380', '', '783ae2d6b5eee0807ddfd484b062fb26'),
(58, 'MANUEL ANTONIO VAZQUEZ GOMEZ', 'GUADALUPE VICTORIA', 'SOBRINO', '9656975258', '', '783ae2d6b5eee0807ddfd484b062fb26'),
(59, 'DULCE ANITA SANCHEZ RUIZ', 'EL TEJAR', 'PRIMA', '5525090929', '', 'd2eb7ed18b185f259e59e30290472600'),
(60, 'GUDELIO RUIZ SANCHEZ', 'NICOLAS BRAVO', 'PAPA', '9612030346', '', 'd2eb7ed18b185f259e59e30290472600'),
(61, 'GUADALUPE DIAZ PEREZ', 'TUXTLA GUTIERREZ', 'AMIGA', '9611935468', '', 'd2eb7ed18b185f259e59e30290472600'),
(62, 'ANGELICA GARCIA COLMENAREZ', 'TUXTLA GUTIERREZ', 'AMIGA', '9613164737', '', 'd2eb7ed18b185f259e59e30290472600'),
(63, 'MARIA NOEMI SANCHEZ ESCOBAR', 'MISMO DOMICILIO', 'SOBRINA', '9614373031', '', '6ab24fa03cbcef87de7fa8adbc181a78'),
(64, 'MARISOL ESCOBAR DE LA CRUZ', 'AMAPOLA 2825, JARDINES DEL GRIJALVA', 'HERMANA', '9612608771', '', '6ab24fa03cbcef87de7fa8adbc181a78'),
(65, 'VERONICA MARTINEZ OCAÑA', 'BARRIO EL CERRITO, POR LA SEC. LOPEZ MATEOS', 'COMPAÑERA TRABAJO', '9613592031', '', '6ab24fa03cbcef87de7fa8adbc181a78'),
(66, 'REBECA JOSEFINA CRUZ GONZALEZ', 'BARRIO NIÑO DE ATOCHA', 'AMIGA', '9611773664', '', '6ab24fa03cbcef87de7fa8adbc181a78'),
(67, 'MARIA DE JESUS PEREZ ENRIQUEZ', 'JULIAN GRAJALES', 'HERMANA', '9321220084', '', '77027d130de938eebdd573938116eb6f'),
(68, 'YESSICA PEREZ ENRIQUEZ', 'JULIAN GRAJALES', 'HERMANA', '9611514648', '', '77027d130de938eebdd573938116eb6f'),
(69, 'MARGARITO HERNANDEZ VICENTE', 'JULIAN GRAJALES', 'CONOCIDO', '9611816615', '', '77027d130de938eebdd573938116eb6f'),
(70, 'AMADOR GOMEZ LOPEZ', 'JULIAN GRAJALES', 'CONOCIDO', '9612443084', '', '77027d130de938eebdd573938116eb6f'),
(71, 'GUADALUPE GONZALEZ VAZQUEZ', 'EL TEJAR', 'HIJA', '9611735477', '', 'fca90cb5934b08568158292181c58b7f'),
(72, 'MARTHA DOMINGUEZ', 'EL TEJAR', 'CONOCIDA', '9611326889', '', 'fca90cb5934b08568158292181c58b7f'),
(73, 'CIELO IVET GONZALEZ VAZQUEZ', 'EL TEJAR', 'HIJA', '9614014851', '', 'fca90cb5934b08568158292181c58b7f'),
(74, 'ANTONIO PEREZ PEREZ', 'EL TEJAR', 'CONOCIDO', '9611806807', '', 'fca90cb5934b08568158292181c58b7f'),
(75, 'NORMA PATRICIA BALBUENA', 'JULIAN GRAJALES', 'SOBRINA', '9613161050', '', '4c357130c2b45e775cd0220a6825bb52'),
(76, 'LUIS ALBERTO BALBUENA BALBUENA', 'JULIAN GRAJALES', 'HERMANO', '9615802277', '', '4c357130c2b45e775cd0220a6825bb52'),
(77, 'MAGNOLIA BALBUENA BALBUENA', 'JULIAN GRAJALES', 'CONOCIDA', '9613001037', '', '4c357130c2b45e775cd0220a6825bb52'),
(78, 'LUSEFINA BALBUENA GOMEZ', 'JULIAN GRAJALES', 'CONOCIDA', '9611650630', '', '4c357130c2b45e775cd0220a6825bb52'),
(79, 'CIELO MARGOTH FLECHA CORDO', 'IGNACIO ALLENDE', 'MAMA', '9612048442', '', '375cf1e6e3aa2a37fb4adbbdddd39000'),
(80, 'ALEXIA RAMOS FLECHA', 'IGNACIO ALLENDE', 'HERMANA', '9988703812', '', '375cf1e6e3aa2a37fb4adbbdddd39000'),
(81, 'JOSE MANUEL CORDOVA GOMEZ', 'IGNACIO ALLENDE', 'AMIGO', '9612641517', '', '375cf1e6e3aa2a37fb4adbbdddd39000'),
(82, 'CRISTOBAL DE JESUS', 'A 3 CASAS DEL CLIENTE', 'AMIGO', '9612041543', '', '375cf1e6e3aa2a37fb4adbbdddd39000'),
(83, 'HUGO MOLINA AGUILAR', 'CASAS GEO', 'HIJO', '9614596535', '', '4dbf5ba63c054c3303da674d2bb4f026'),
(84, 'GUADALUPE AGUILAR RAMOS', 'REAL DEL BOSQUE', 'HERMANA', '9611225453', '', '4dbf5ba63c054c3303da674d2bb4f026'),
(85, 'ARACELY ARAUJO', 'FRACC. LA VICTORIA', 'AMIGA', '9611362172', '', '4dbf5ba63c054c3303da674d2bb4f026'),
(86, 'SAIDAI RUIZ', 'REAL DEL BOSQUE', 'NUERA', '9613234955', '', '4dbf5ba63c054c3303da674d2bb4f026'),
(87, 'MARICELI NURIULU ASERO', 'TUXTLA GUTIERREZ', 'HERMANA', '9614301163', '', 'f3f93702c606844cc549cebce0439195'),
(88, 'JULIO ACERO VIDAL', 'SUCHIAPA', 'TIO', '9611523578', '', 'f3f93702c606844cc549cebce0439195'),
(89, 'JAVIER VAZQUEZ MORENO', 'JULIAN GRAJALES', 'AMIGO', '9612446333', '', 'f3f93702c606844cc549cebce0439195'),
(90, 'SERGIO AGUILAR DIAZ', 'JULIAN GRAJALES', 'AMIGO', '9612609095', '', 'f3f93702c606844cc549cebce0439195'),
(91, 'WILIAN ALEXANDER GOMEZ VERA', 'GUADALUPE VICTORIA', 'HIJO', '9651285456', '', 'd3704e52bfaacee53cfe2614b7944396'),
(92, 'NANCY JASMIN DOMINGUEZ MENDEZ', 'GUADALUPE VICTORIA', 'CONOCIDO', '9613674785', '', 'd3704e52bfaacee53cfe2614b7944396'),
(93, 'YAELI JASMIN ROBLES VERA', 'GUADALUPE VICTORIA', 'HIJA', '6161299551', '', 'd3704e52bfaacee53cfe2614b7944396'),
(94, 'MARIA GUADALUPE DIAZ GARCIA', 'GUADALUPE VICTORIA', 'VECINA', '9651228040', '', 'd3704e52bfaacee53cfe2614b7944396'),
(95, 'LUSEFINA BALBUENA GOMEZ', 'JULIAN GRAJALES', 'HERMANA', '9611650630', '', '8f290d6ec0963d66f56b67ab393450e7'),
(96, 'FERNANDO MAZA MORSIA', 'JULIAN GRAJALES', 'CUÑADO', '9612368082', '', '8f290d6ec0963d66f56b67ab393450e7'),
(97, 'NORMA BALBUENA BALBUENA', 'JULIAN GRAJALES', 'PRIMA', '9616613082', '', '8f290d6ec0963d66f56b67ab393450e7'),
(98, 'JESUS REYES GARCIA', 'JULIAN GRAJALES', 'CONOCIDO', '9611663689', '', '8f290d6ec0963d66f56b67ab393450e7'),
(99, 'SANDRA ISABEL PEREZ LOPEZ', 'RIBERA LA UNION', 'TIA', '9613079752', '', '1d3c84c21cc91e1241850217bc6b2c76'),
(100, 'MARIA CONCEPCION PEREZ LOPEZ', 'RIBERA LAS FLECHAS', 'MAMA', '9612321301', '', '1d3c84c21cc91e1241850217bc6b2c76'),
(101, 'MARTHA EDID VAZQUEZ JIMENEZ', 'RIBERA AMATAL', 'CONOCIDA', '9613045213', '', '1d3c84c21cc91e1241850217bc6b2c76'),
(102, 'BRENDA RIBERA MACIAS', 'RIBERA AMATAL', 'VECINA', '9613356182', '', '1d3c84c21cc91e1241850217bc6b2c76'),
(103, 'MARCIA IVON ARIAS URBINA', 'POTINASPAK, TUXTLA GUTIERREZ', 'AMIGA', '9613031073', '', '092a367c5a70155b17ef9b329964b393'),
(104, 'ROCIO DEL CARMEN MAZARIEGOS GOMEZ', 'CONDESA, TUXTLA GUTIERREZ', 'AMIGA', '9614308575', '', '092a367c5a70155b17ef9b329964b393'),
(105, 'BEATRIZ CORDOBA LOPEZ', 'CENTRO, TUXTLA GUTIERREZ', 'PRIMA', '9613340106', '', '092a367c5a70155b17ef9b329964b393'),
(106, 'WILLIAM RAMIRO ALVAREZ PALACIOS', 'POTINASPAL, TUXTLA GUTIERREZ', 'HERMANO', '9613211174', '', '092a367c5a70155b17ef9b329964b393'),
(107, 'NOEMI SANDOVAL PINEDA', 'CONDESA, TUXTLA GUTIERREZ', 'AMIGA', '9612012218', '', '7819892737cb80cfb5a3d5485efd3805'),
(108, 'MINERVA BARRIOS DE HAN', 'POTINASPAK, TUXTLA GUTIERREZ', 'AMIGA', '9613418505', '', '7819892737cb80cfb5a3d5485efd3805'),
(109, 'LORENOZO RAFAEL MAZARIEGOS', 'SANTA FE, TUXTLA GUTIERREZ', 'HERMANO', '9612301777', '', '7819892737cb80cfb5a3d5485efd3805'),
(110, 'ATILA DEL CARMEN CRUZ ORTIZ', 'SANTA FE, TUXTLA GUTIERREZ', 'CUÑADA', '9613288956', '', '7819892737cb80cfb5a3d5485efd3805'),
(111, 'ADRIANA MACOL PEREZ', 'SALVADOR URBINA, RUMBO AL PARQUE', 'PRIMA', '9611766522', '', '7ccd5f61e6c55f5e758adeebe58e53ac'),
(112, 'MARIA CONCEPCION CABALLERO VELAZQUEZ', 'SALVADOR URBINA', 'TIA', '9611242213', '', '7ccd5f61e6c55f5e758adeebe58e53ac'),
(113, 'BERENICE DEL ROSARIO MARTINEZ ALFARO', 'SALVADOR URBINA', 'VECINA', '9611991612', '', '7ccd5f61e6c55f5e758adeebe58e53ac'),
(114, 'YOVANI MACAL VAZQUEZ', 'SALVADOR URBINA', 'CONOCIDA', '9613145528', '', '7ccd5f61e6c55f5e758adeebe58e53ac'),
(115, 'BRENDA YARENI VELAZCO GRAJALES', '20 DE NOVIEMBRE', 'HIJA', '9611764157', '', '7e19e2e23d69755379b743f787d191fd'),
(116, 'KARLA GUADALUPE VELAZCO GRAJALES', '20 DE NOVIEMBRE', 'HIJA', '9614256484', '', '7e19e2e23d69755379b743f787d191fd'),
(117, 'HUMBERTO DE JESUS RUIZ HERRERA', '20 DE NOVIEMBRE', 'CONOCIDO', '9614303815', '', '7e19e2e23d69755379b743f787d191fd'),
(118, 'WILSON RUIZ MENDEZ', '20 DE NOVIEMBRE', 'CONOCIDO', '9612722784', '', '7e19e2e23d69755379b743f787d191fd'),
(119, 'WILSON RUIZ RUIZ', '20 DE NOVIEMBRE', 'PAPA', '9612652355', '', 'f2a17b6938aedfb31152e2c4c9fae1ff'),
(120, 'ROXANA MENDEZ ZUÑIGA', '20 DE NOVIEMBRE', 'MAMA', '9611981541', '', 'f2a17b6938aedfb31152e2c4c9fae1ff'),
(121, 'CORAZON RUIZ LOPEZ', '20 DE NOVIEMBRE', 'CONOCIDO', '9613016799', '', 'f2a17b6938aedfb31152e2c4c9fae1ff'),
(122, 'HECTOR LOPEZ ZUÑIGA', '20 DE NOVIEMBRE', 'CONOCIDO', '9612188851', '', 'f2a17b6938aedfb31152e2c4c9fae1ff'),
(123, 'IRIS LOPEZ PEREZ', 'CHIAPA DE CORZO', 'PRIMA', '9613437248', '', 'd3d0f6d65b7ef1918992dc9b8a2e02fa'),
(124, 'JORGE OMAR HERNANDEZ NUÑEZ', 'CHIAPA DE CORZO', 'PRIMO', '9613168088', '', 'd3d0f6d65b7ef1918992dc9b8a2e02fa'),
(125, 'BRAYAN RIGOBERTO GUTU NAMINDAMO', 'CHIAPA DE CORZO', 'CONOCIDO', '9611515608', '', 'd3d0f6d65b7ef1918992dc9b8a2e02fa'),
(126, 'BRAYAN JOSE CALVO MARTINEZ', 'CHIAPA DE CORZO', 'CONOCIDO', '9611741311', '', 'd3d0f6d65b7ef1918992dc9b8a2e02fa'),
(127, 'GABRIELA SANDOVAL SIMUTA', 'TUXTLA GUTIERREZ', 'PRIMA', '9612877700', '', '27383a1c423be193a00d65a9bc62a6a4'),
(128, 'FRANCISCO JAVIER SANDOVAL SIMUTA', 'TUXTLA GUTIERREZ', 'PRIMO', '9613566817', '', '27383a1c423be193a00d65a9bc62a6a4'),
(129, 'WILMAR ROBLERO ESCOBAR', 'MOTOCINTLA', 'CONOCIDO', '9626952772', '', '27383a1c423be193a00d65a9bc62a6a4'),
(130, 'LEYDI MAGALI DIAZ DIAZ', 'MOTOCINTLA', 'CONOCIDA', '9621397656', '', '27383a1c423be193a00d65a9bc62a6a4'),
(131, 'ERIKA YANETH COUTIÑO LOPEZ', 'YUQUIZ', 'HERMANA', '9611751844', '', 'fadcb7fd3b860fefec95be2da09d0527'),
(132, 'ROSELIA LOPEZ MAZA', 'LAS GRANJAS', 'MAMA', '9611850031', '', 'fadcb7fd3b860fefec95be2da09d0527'),
(133, 'FERNANDO SALINAS OZUNA', 'ALBANIA BAJA', 'CONOCIDO', '9615803188', '', 'fadcb7fd3b860fefec95be2da09d0527'),
(134, 'AVELARDO PEREZ SANCHEZ', 'TUXTLA GUTIERREZ', 'CONOCIDO', '9191593293', '', 'fadcb7fd3b860fefec95be2da09d0527'),
(135, 'ANA YULISA MARROQUIN SANCHEZ', 'EL TEJAR', 'PRIMA', '9615806514', '', '3b509ce2d9a41fda249b720e20112ac8'),
(136, 'LEONEL DOMINGUEZ MARROQUIN', 'EL TEJAR', 'HERMANO', '9611525048', '', '3b509ce2d9a41fda249b720e20112ac8'),
(137, 'JOSE MENDEZ ENOEL', 'SUCHIAPA', 'PRIMO', '9612390807', '', 'f988608bdfda0eeada3a6030e329a016'),
(138, 'GABRIEL MENDEZ MONTEJO', 'FRANCISCO SARABIA', 'HERMANO', '9619386943', '', 'f988608bdfda0eeada3a6030e329a016'),
(139, 'DANIEL NUCAMENDI', 'GALECIO NARCIA', 'AMIGO', '9612504258', '', 'f988608bdfda0eeada3a6030e329a016'),
(140, 'LUIS ALBERTO CASTRO', 'FRANCISCO SARABIA', 'AMIGO', '9611424365', '', 'f988608bdfda0eeada3a6030e329a016'),
(141, 'NOE MENDEZ MONTEJO', 'FRANCISCO SARABI', 'HERMANO', '9612351344', '', 'b5904f878eb42ed48a4f690d485bace3'),
(142, 'ALBERTO MENDEZ MONTEJO', 'FRANCISCO SARABIA', 'HERMANO', '9612464969', '', 'b5904f878eb42ed48a4f690d485bace3'),
(143, 'JORDAN GOMEZ VICENTE', 'FRANCISCO SARABIA', 'CONOCIDO', '9613137019', '', 'b5904f878eb42ed48a4f690d485bace3'),
(144, 'ANA MARIA ALFARO PASCACIO', 'FRANCISCO SARABIA', 'VENDEDORA EXTERNA', '3328358101', '', 'b5904f878eb42ed48a4f690d485bace3'),
(145, 'LISANDRO RINCON PEREZ', 'EMILIANO ZAPATA', 'CONCUÑO', '9613063717', '', '9e62e4d5a77d21ff0237336fb5e7b4c2'),
(146, 'HECTOR IVAN PEREZ CORTES', 'EMILIANO ZAPATA', 'PRIMO', '9616198867', '', '9e62e4d5a77d21ff0237336fb5e7b4c2'),
(147, 'HECTOR MANUEL PEREZ LAZARO', 'EMILIANO ZAPATA', 'TIO', '9611944449', '', '9e62e4d5a77d21ff0237336fb5e7b4c2'),
(148, 'JOSE CLEMENTE MARTINEZ', 'EMILIANO ZAPATA', 'CONOCIDO', '9612472096', '', '9e62e4d5a77d21ff0237336fb5e7b4c2'),
(149, 'PAOLA YURIDIA GOMEZ MACIAS', 'RIBERA PLAYA VISTA', 'HERMANA', '9612970369', '', '481acf038c1fed0f52b8801f67855332'),
(150, 'FLOR DE MARIA MACIAS ESTRADA', 'RIBERA PLAYA VISTA', 'MAMA', '9613448984', '', '481acf038c1fed0f52b8801f67855332'),
(151, 'BLANCA BERENICE OVILLA AGUILAR', 'RIBERA PLAYA VISTA', 'CONOCIDA', '9612414304', '', '481acf038c1fed0f52b8801f67855332'),
(152, 'YESICA ASUNCION ORDOÑEZ', 'RIBERA PLAYA VISTA', 'CONOCIDO', '9613036022', '', '481acf038c1fed0f52b8801f67855332'),
(157, 'JUAN ANTONIO MARROQUIN LOPEZ', 'TUXTLA GUTIERREZ', 'HIJO', '9612420045', '', '1dbaa611306ed6e2db4cb9e385a976cb'),
(158, 'BRENDA FABIOLA MARROQUIN LOPEZ', 'TUXTLA GUTIERREZ', 'HIJA', '9613764152', '', '1dbaa611306ed6e2db4cb9e385a976cb'),
(159, 'ALFREDO MORA ZUÑIGA', 'TUXTLA GUTIERREZ', 'CONOCIDO', '9613347050', '', '1dbaa611306ed6e2db4cb9e385a976cb'),
(160, 'ALBERTO WASTLO SANTO', 'TUXTLA GUTIERREZ', 'CONOCIDO', '6221737081', '', '1dbaa611306ed6e2db4cb9e385a976cb'),
(161, 'KARINA DEL ROSARIO HERNANDEZ PEREZ', 'JULIAN GRAJALES', 'HERMANA', '9615719448', '', '24868c15b7dc648197d9c966e3ab914b'),
(162, 'DAVID GOMEZ HERNANDEZ', 'JULIAN GRAJALES', 'PRIMO', '9612306188', '', '24868c15b7dc648197d9c966e3ab914b'),
(163, 'LILIANA SANCHEZ ARROYO', 'JULIAN GRAJALES', 'CONOCIDO', '9613713764', '', '24868c15b7dc648197d9c966e3ab914b'),
(164, 'LAURA PATRICIA PEREZ PEREZ', 'JULIAN GRAJALES', 'CONOCIDO', '9614519751', '', '24868c15b7dc648197d9c966e3ab914b'),
(165, 'BERLAIN ZENTENO AGUILAR', 'TUXTLA GUTIERREZ', 'HERMANO', '9613173576', '', '69d3ab889bf82428f921d05b10de0e24'),
(166, 'MAURICIO ZENTENO AGUILAR', 'TUXTLA GUTIERREZ', 'SORBINO', '9612021205', '', '69d3ab889bf82428f921d05b10de0e24'),
(167, 'MARIA GUADALUPE CASTILLEJOS GALLEGOS', 'TUXTLA GUTIERREZ', 'CONOCIDA', '9612556722', '', '69d3ab889bf82428f921d05b10de0e24'),
(168, 'SESARIO HERNANDEZ SANCHEZ', 'TUXTLA GUTIERREZ', 'AMIGO', '9611940252', '', '69d3ab889bf82428f921d05b10de0e24'),
(169, 'LILIA RAMIREZ MORALES', 'CALLE RAFAEL GUTIERREZ', 'MAMA', '9612514163', '', '4cbca2586d0543b7a99d6ab380870eff'),
(170, 'DANIEL JONAPA RAMIREZ', 'CALLE RAFAEL GUTIERREZ', 'HERMANO', '9611006964', '', '4cbca2586d0543b7a99d6ab380870eff'),
(171, 'ELIZABETH ROCHA ALEMAN', '11 SUR OTE', 'PRIMA', '9615801852', '', '4cbca2586d0543b7a99d6ab380870eff'),
(172, 'MARSELI ALEMAN TORRES', '11 SUR OTE', 'SUEGRA', '9611936291', '', '4cbca2586d0543b7a99d6ab380870eff'),
(173, 'ALEJANDRO DIAZ PASCASIO', 'JULIAN GRAJALES', 'PAPA', '9613317790', '', '1c919f2cd33519db2cfc66df1fb593cf'),
(174, 'ALEJANDRA DIAZ VAZQUEZ', 'JULIAN GRAJALES', 'HERMANA', '9613345062', '', '1c919f2cd33519db2cfc66df1fb593cf'),
(175, 'CARLOS VICENTE EPINOSA', 'JULIAN GRAJALES', 'CUÑADO', '2285127033', '', '1c919f2cd33519db2cfc66df1fb593cf'),
(176, 'MARCO ANTONIO DOMINGUEZ MOLINA', 'JULIAN GRAJALES', 'CONOCIDO', '9613345062', '', '1c919f2cd33519db2cfc66df1fb593cf'),
(177, 'ELEAZAR GARCIA GOMEZ', '1A NORTE ENTRE 1A Y 2A SUR NO. 205, COPOYA', 'HERMANO', '9613209360', '', '46313523f3353be73b79e987d2d6f7bc'),
(178, 'PERLA DEL RUBI GARCIA GOMEZ', '4A OTE ENTRE 16 Y 17 NTE, TUXTLA GUTIERREZ', 'HERMANA', '9611310779', '', '46313523f3353be73b79e987d2d6f7bc'),
(179, 'ISIDRA AUDELINA MENDEZ MENDEZ', 'AND. RETABLO MZ 53 EDIFICIO 423 SAN JOSE', 'CONOCIDA', '9611912735', '', '46313523f3353be73b79e987d2d6f7bc'),
(180, 'RENE MORENO RAMIREZ', 'AV VIOLETA NO 254, PASO LIMON', 'CONOCIDO', '9616521946', '', '46313523f3353be73b79e987d2d6f7bc'),
(181, 'YARA DALILA GARCIA PEREZ', 'FRACC LAS FLORES TUXTLA GUTIERREZ', 'TIA', '9932997103', '', '4a73a442da6f957ab1c73541ffdfb01e'),
(182, 'ELISETH BERTRUY GARCIA', 'CENTRO, VILLAHERMOSA', 'HERMANA', '9931108143', '', '4a73a442da6f957ab1c73541ffdfb01e'),
(183, 'LIVIER CHAVEZ VAZQUEZ', 'COL CRUZ CON CASITAS, TUXTLA GUTIERREZ', 'AMIGA', '9611077856', '', '4a73a442da6f957ab1c73541ffdfb01e'),
(184, 'VERONICA BELTRAN', 'FRENTE A SU CASA, DUEÑA DE LA CARNICERIA BELTRAN', 'AMIGA', '9614477376', '', '4a73a442da6f957ab1c73541ffdfb01e'),
(185, 'ROSI GUADALUPE MEGCHUN SANTIAGO', 'AGUA MARINA MZ 37 LTE 6, DEMOCRATICA', 'HIJA', '9612800356', '', '47fc683fde6a2764929cef2891568cba'),
(186, 'JOSE JUAN MEGCHUN SANTIAGO', 'POTINASPAK, TUXTLA GUTIERREZ', 'HERMANO', '9611100152', '', '47fc683fde6a2764929cef2891568cba'),
(187, 'ROSA SANTIZ GOMEZ', 'DEMOCRATICA, TUXTLA GUTIERREZ', 'CONOCIDO', '9611504948', '', '47fc683fde6a2764929cef2891568cba'),
(188, 'TITO CRISOSTOMO ALVAREZ', 'C MONTES DE OCA COL 27 DE FEBRERO', 'CONOCIDO', '9611396666', '', '47fc683fde6a2764929cef2891568cba'),
(189, 'DAVID GOMEZ HERNANDEZ', 'JULIAN GRAJALES', 'HERMANO', '9612306188', '', '2edfe106cf165db3bc1244abfc4d232b'),
(190, 'GRACIELA GOMEZ HERNANDEZ', 'JULIAN GRAJALES', 'HERMANA', '9611141626', '', '2edfe106cf165db3bc1244abfc4d232b'),
(191, 'ROSELINO MARTINEZ ESCOBAR', 'JULIAN GRAJALES', 'VECINO', '9613038131', '', '2edfe106cf165db3bc1244abfc4d232b'),
(192, 'HORFANEY GOMEZ GUTIERREZ', 'JULIAN GRAJALES', 'CONOCIDO', '9612681727', '', '2edfe106cf165db3bc1244abfc4d232b'),
(193, 'ISRAEL VELAZQUEZ PEREZ', 'DISTRITO FEDERAL', 'HERMANO', '9611167182', '', '720ab762f335211f9510814744976521'),
(194, 'ISAAC ESPINOZA VELAZQUEZ', 'LIMITE ENTR DISTRITO FEDERAL Y GALECIO NARCIA', 'SOBRINO', '9616548266', '', '720ab762f335211f9510814744976521'),
(195, 'OSVALDO SANCHEZ', 'NICOLAS BRAVO', 'COMPAÑERO DE TRABAJO', '9612501599', '', '720ab762f335211f9510814744976521'),
(196, 'SERGIO MORENO RUIZ', 'SERGIO MORENO RUIZ', 'COMPAÑERO DE TRABAJO Y VECINO', '9613175023', '', '720ab762f335211f9510814744976521'),
(197, 'ERIKA YANETH LARA GUTIERREZ', 'SUCHIAPA', 'TIA', '9613407407', '', 'c08997a503dd4772f98afd096ea99a1a'),
(198, 'ANTONIO AGUILAR LARA', 'SUCHIAPA', 'TIO', '9613142404', '', 'c08997a503dd4772f98afd096ea99a1a'),
(199, 'FRANCISCO ZIMUTA NANGUELU', 'SUCHIAPA', 'CONOCIDO', '9613707047', '', 'c08997a503dd4772f98afd096ea99a1a'),
(200, 'NEHEMIAS LOPEZ GUTIERREZ', 'SUCHIAPA', 'CONOCIDO', '9612095432', '', 'c08997a503dd4772f98afd096ea99a1a'),
(201, 'KEYLA CRISTEL MACIAS RUIZ', 'A UN COSTADO, JULIAN GRAJALES', 'PRIMA', '9614624059', '', '8456d692667485a3a81daf9b31566e15'),
(202, 'JULIO CESAR MACIAS BALBUENA', 'JULIAN GRAJALES', 'TIO', '9613404171', '', '8456d692667485a3a81daf9b31566e15'),
(203, 'ADARCILIO DE JESUS MOLINA HERNANDEZ', 'A UN COSTAO. JULIAN GRAJALES', 'VECINO', '9612991963', '', '8456d692667485a3a81daf9b31566e15'),
(204, 'LUIS GILBERTO NARCIA MOLINA', 'JULIAN GRAJALES', 'VECINO', '9614597199', '', '8456d692667485a3a81daf9b31566e15'),
(205, 'RAQUEL CRUZ JIMENEZ', '1A PTE NTE 648, BARR COLON', 'HERMANA', '9613045879', '', '9c9f52c8b9b3728c6c760b699b4df441'),
(206, 'VERONICA YANIRA LOPEZ JIMENEZ', '12 NTE ENTRE 3A Y 4A  PTE', 'PRIMA', '9613323593', '', '9c9f52c8b9b3728c6c760b699b4df441'),
(207, 'ANA LETICIA PEREZ RAMIREZ', 'C. CHIAPAS KM 4', 'SOBRINA', '9611225899', '', '9c9f52c8b9b3728c6c760b699b4df441'),
(208, 'VICTOR HUGO DIAZ NIÑODIOS', 'JULIAN GRAJALES', 'TIO', '9611328124', '', '891730bf9e5af6a218a0f927a8b6af13'),
(209, 'JOSE LUIS TORRES RUIZ', 'JULIAN GRAJALES', 'PAPA', '9613181991', '', '891730bf9e5af6a218a0f927a8b6af13'),
(210, 'MARIA LUIZA', 'JULIAN GRAJALES', 'SUEGRA', '9612762406', '', '891730bf9e5af6a218a0f927a8b6af13'),
(211, 'DARINI LISETH GOMEZ RAMOS', 'JULIAN GRAJALES', 'CUÑADA', '9616035543', '', '891730bf9e5af6a218a0f927a8b6af13'),
(212, 'ANDREA AMPARO CUESTA CRUZ', 'SALTILLO COAHUILA', 'HIJA', '8443936109', '', '7b304a3dce927767587935174f20221c'),
(213, 'ROBERTO ANTONIO CUESTA CRUZ', 'JARDINES DEL GRIJALVA', 'HIJO', '9841250866', '', '7b304a3dce927767587935174f20221c'),
(214, 'CELENE YAMILETH PEREZ TOALA', 'JARDINES DEL GRIJALVA', 'CONOCIDO', '9651186675', '', '7b304a3dce927767587935174f20221c'),
(215, 'CARLOS EDUARDO GRAJALES FLORES', 'JARDINES DEL GRIJALVA', 'CONOCIDO', '9971350116', '', '7b304a3dce927767587935174f20221c'),
(270, 'PAUL ANTONIO SOLIZ GUTIERREZ', 'TUXTLA GUTIERREZ', 'HIJO', '9611601662', '', '38e422200245116b5cb324565d8de73f'),
(289, 'IRIS EDUVIGES FLORES ALFARO', 'GALECIO NARCIA', 'HERMANA', '9616935556', '', 'de70536ba66303a45b0bfb1d4f94f905'),
(290, 'ROSARIO RUIZ FLORES', 'GALECIO NARCIA', 'PRIMA', '9611887233', '', 'de70536ba66303a45b0bfb1d4f94f905'),
(291, 'JOSE GREGORIO NUCAMENDI PEREZ', 'GALECIO NARCIA', 'CONOCIDO', '9611018829', '', 'de70536ba66303a45b0bfb1d4f94f905'),
(292, 'RUBICELIA LUNA VIDAL', 'GALECIO NARCIA', 'CONOCIDA', '9611991338', '', 'de70536ba66303a45b0bfb1d4f94f905'),
(307, 'LEYDI ELIZABETH ROBLES RUIZ', 'NICOLAS BRAVO', 'HIJA', '9613263384', 'no borrable', 'e31ca25dab7679e1ce7bfb47488acf05');

-- --------------------------------------------------------

--
-- Estructura de tabla para la tabla `salida`
--

DROP TABLE IF EXISTS `salida`;
CREATE TABLE IF NOT EXISTS `salida` (
  `idsalida` char(36) COLLATE utf8_spanish_ci NOT NULL,
  `vendedor` char(36) COLLATE utf8_spanish_ci NOT NULL,
  `cliente` char(32) COLLATE utf8_spanish_ci NOT NULL,
  `fecha_salida` date DEFAULT NULL,
  `folio_venta` int(11) DEFAULT NULL,
  `folio_venta_serie` int(11) DEFAULT NULL,
  `tipo_venta` char(36) COLLATE utf8_spanish_ci NOT NULL,
  `modalidad_pago` varchar(20) COLLATE utf8_spanish_ci NOT NULL,
  `no_pagos` int(11) DEFAULT '0',
  `pago_parcial` int(11) DEFAULT '0',
  `per_dia_pago` date DEFAULT NULL,
  `dias_pago_semanal` varchar(20) COLLATE utf8_spanish_ci DEFAULT NULL,
  `dias_pago_quincenal` int(11) DEFAULT NULL,
  `dias_pago_quincena_2` int(11) DEFAULT NULL,
  `dias_pago_mensual` int(11) DEFAULT NULL,
  `enganche` double NOT NULL DEFAULT '0',
  `subtotal1` double NOT NULL,
  `iva` double NOT NULL,
  `subtotal2` double NOT NULL,
  `descuento` double NOT NULL,
  `total_general` double NOT NULL,
  `creado_en` timestamp NOT NULL DEFAULT CURRENT_TIMESTAMP,
  PRIMARY KEY (`idsalida`),
  KEY `venta_hecha_por` (`vendedor`),
  KEY `vendido_a` (`cliente`),
  KEY `tipo_de_venta` (`tipo_venta`),
  KEY `es del folio` (`folio_venta`)
) ENGINE=InnoDB DEFAULT CHARSET=utf8 COLLATE=utf8_spanish_ci;

--
-- Truncar tablas antes de insertar `salida`
--

TRUNCATE TABLE `salida`;
--
-- Volcado de datos para la tabla `salida`
--

INSERT INTO `salida` (`idsalida`, `vendedor`, `cliente`, `fecha_salida`, `folio_venta`, `folio_venta_serie`, `tipo_venta`, `modalidad_pago`, `no_pagos`, `pago_parcial`, `per_dia_pago`, `dias_pago_semanal`, `dias_pago_quincenal`, `dias_pago_quincena_2`, `dias_pago_mensual`, `enganche`, `subtotal1`, `iva`, `subtotal2`, `descuento`, `total_general`, `creado_en`) VALUES
('74323317-80bd-11ed-a6b6-d481d7c3a9ad', '0a96aada-bd56-11ec-b09f-asjg75jfl123', 'a87ff679a2f3e71d9181a67b7542122c', '2022-12-20', 1, 1, '2651952b-2977-11ed-a437-d481d7c3a9ad', 'semanal', NULL, NULL, '2022-12-19', 'lunes', NULL, NULL, NULL, 987, 7800, 1248, 9048, 48, 9000, '2022-12-20 23:24:33');

-- --------------------------------------------------------

--
-- Estructura de tabla para la tabla `salida_productos`
--

DROP TABLE IF EXISTS `salida_productos`;
CREATE TABLE IF NOT EXISTS `salida_productos` (
  `idsalida_producto` char(36) COLLATE utf8_spanish_ci NOT NULL,
  `salida` char(36) COLLATE utf8_spanish_ci NOT NULL,
  `producto` char(36) COLLATE utf8_spanish_ci NOT NULL,
  `cantidad` int(11) NOT NULL DEFAULT '1',
  `origen` varchar(100) CHARACTER SET utf8mb4 COLLATE utf8mb4_spanish_ci DEFAULT NULL,
  `tipo_precio` varchar(30) COLLATE utf8_spanish_ci NOT NULL,
  `precio_x_unidad` double NOT NULL,
  `precio_total` double NOT NULL,
  `creado_en` timestamp NOT NULL DEFAULT CURRENT_TIMESTAMP,
  PRIMARY KEY (`idsalida_producto`),
  KEY `pertenece_a_salida` (`salida`),
  KEY `es_el_producto` (`producto`)
) ENGINE=InnoDB DEFAULT CHARSET=utf8 COLLATE=utf8_spanish_ci;

--
-- Truncar tablas antes de insertar `salida_productos`
--

TRUNCATE TABLE `salida_productos`;
--
-- Volcado de datos para la tabla `salida_productos`
--

INSERT INTO `salida_productos` (`idsalida_producto`, `salida`, `producto`, `cantidad`, `origen`, `tipo_precio`, `precio_x_unidad`, `precio_total`, `creado_en`) VALUES
('7432f7c3-80bd-11ed-a6b6-d481d7c3a9ad', '74323317-80bd-11ed-a6b6-d481d7c3a9ad', '2482928a-083a-11ed-8a78-feed01260033', 1, '', 'costo_cr1', 9048, 9048, '2022-12-20 23:24:33');

-- --------------------------------------------------------

--
-- Estructura de tabla para la tabla `subcategoria`
--

DROP TABLE IF EXISTS `subcategoria`;
CREATE TABLE IF NOT EXISTS `subcategoria` (
  `idsubcategoria` char(36) COLLATE utf8_spanish_ci NOT NULL,
  `nombre` varchar(100) COLLATE utf8_spanish_ci NOT NULL,
  `categoria` char(36) COLLATE utf8_spanish_ci NOT NULL,
  `atr1` varchar(100) COLLATE utf8_spanish_ci DEFAULT NULL,
  `atr2` varchar(100) COLLATE utf8_spanish_ci DEFAULT NULL,
  `atr3` varchar(100) COLLATE utf8_spanish_ci DEFAULT NULL,
  `atr4` varchar(100) COLLATE utf8_spanish_ci DEFAULT NULL,
  `atr5` varchar(100) COLLATE utf8_spanish_ci DEFAULT NULL,
  `contado` double DEFAULT NULL,
  `especial` double DEFAULT NULL,
  `base_inicial_c1` double DEFAULT NULL,
  `ganancia_inicial_c1` double DEFAULT NULL,
  `rango_c1` double DEFAULT NULL,
  `ganancia_subsecuente_c1` double DEFAULT NULL,
  `limite_costo_c1` double DEFAULT NULL,
  `base_inicial_c2` double DEFAULT NULL,
  `ganancia_inicial_c2` double DEFAULT NULL,
  `rango_c2` double DEFAULT NULL,
  `ganancia_subsecuente_c2` double DEFAULT NULL,
  `limite_costo_c2` double DEFAULT NULL,
  `meses_pago` int(11) DEFAULT NULL,
  `meses_garantia` int(11) DEFAULT NULL,
  `enganche` double DEFAULT NULL,
  `creado_en` timestamp NOT NULL DEFAULT CURRENT_TIMESTAMP,
  PRIMARY KEY (`idsubcategoria`),
  KEY `pertenece_a_la_categoria` (`categoria`)
) ENGINE=InnoDB DEFAULT CHARSET=utf8 COLLATE=utf8_spanish_ci;

--
-- Truncar tablas antes de insertar `subcategoria`
--

TRUNCATE TABLE `subcategoria`;
--
-- Volcado de datos para la tabla `subcategoria`
--

INSERT INTO `subcategoria` (`idsubcategoria`, `nombre`, `categoria`, `atr1`, `atr2`, `atr3`, `atr4`, `atr5`, `contado`, `especial`, `base_inicial_c1`, `ganancia_inicial_c1`, `rango_c1`, `ganancia_subsecuente_c1`, `limite_costo_c1`, `base_inicial_c2`, `ganancia_inicial_c2`, `rango_c2`, `ganancia_subsecuente_c2`, `limite_costo_c2`, `meses_pago`, `meses_garantia`, `enganche`, `creado_en`) VALUES
('3c5ed5a3-0839-11ed-8a78-feed01260033', 'ANTECOMEDORES', 'ae569a66-0838-11ed-8a78-feed01260033', 'MARCA', 'TIPO', 'MESA', 'SILLAS', NULL, 35, 15, 4000, 110, 400, 104, 20000, 4000, 120, 400, 114, 20000, 10, 6, 9, '2022-07-20 14:35:43'),
('4e2ee003-8170-11ed-a6b6-d481d7c3a9ad', 'PRUEBA2', 'ae569a66-0838-11ed-8a78-feed01260033', 'MARCA', 'QWE', 'QWE', 'ASD', 'ASD', 12, 12, 1000, 80, 100, 70, 10000, 1000, 90, 100, 80, 10000, 12, 12, 6.5, '2022-12-21 20:44:49');

-- --------------------------------------------------------

--
-- Estructura de tabla para la tabla `subzonas`
--

DROP TABLE IF EXISTS `subzonas`;
CREATE TABLE IF NOT EXISTS `subzonas` (
  `idsubzona` char(36) COLLATE utf8_spanish_ci NOT NULL,
  `subzona` varchar(100) COLLATE utf8_spanish_ci NOT NULL,
  `idzona` char(36) COLLATE utf8_spanish_ci NOT NULL,
  `creado_en` timestamp NOT NULL DEFAULT CURRENT_TIMESTAMP,
  PRIMARY KEY (`idsubzona`),
  KEY `pertenece` (`idzona`)
) ENGINE=InnoDB DEFAULT CHARSET=utf8 COLLATE=utf8_spanish_ci;

--
-- Truncar tablas antes de insertar `subzonas`
--

TRUNCATE TABLE `subzonas`;
--
-- Volcado de datos para la tabla `subzonas`
--

INSERT INTO `subzonas` (`idsubzona`, `subzona`, `idzona`, `creado_en`) VALUES
('00bff561-65df-11ed-8a78-feed01260033', '20 DE NOVIEMBRE', 'f23461b0-65de-11ed-8a78-feed01260033', '2022-11-16 18:46:38'),
('01d3e8b1-65f6-11ed-8a78-feed01260033', 'LIBRAMIENTO SUR', 'a3e3dasd-bd10-hyhj-6765-2182783dpoas', '2022-11-16 21:31:18'),
('01de812e-65d7-11ed-8a78-feed01260033', 'GALECIO NARCIA', 'bc2b8b27-65d4-11ed-8a78-feed01260033', '2022-11-16 17:49:24'),
('05638eed-677c-11ed-8a78-feed01260033', 'BENITO JUAREZ', 'a3e3dasd-bd10-hyhj-6765-2182783dpoas', '2022-11-18 20:03:08'),
('14c7fad4-65e1-11ed-8a78-feed01260033', 'JULIAN GRAJALES', 'bc2b8b27-65d4-11ed-8a78-feed01260033', '2022-11-16 19:01:30'),
('20c06825-66c4-11ed-8a78-feed01260033', 'CONDESA', 'a3e3dasd-bd10-hyhj-6765-2182783dpoas', '2022-11-17 22:06:46'),
('2160574e-66c5-11ed-8a78-feed01260033', 'SALVADOR URBINA', 'bc2b8b27-65d4-11ed-8a78-feed01260033', '2022-11-17 22:13:57'),
('22791dce-676d-11ed-8a78-feed01260033', 'CONOCIDO', 'a3e3dasd-bd10-hyhj-6765-2182783dpoas', '2022-11-18 18:16:34'),
('240f9cb9-65e4-11ed-8a78-feed01260033', 'EL TEJAR', 'bc2b8b27-65d4-11ed-8a78-feed01260033', '2022-11-16 19:23:25'),
('2b7d712d-65f7-11ed-8a78-feed01260033', 'FRACC. RENOVACION', 'a3e3dasd-bd10-hyhj-6765-2182783dpoas', '2022-11-16 21:39:37'),
('2f9c6f13-66cf-11ed-8a78-feed01260033', 'LAS GRANJAS', 'a3e3dasd-bd10-hyhj-6765-2182783dpoas', '2022-11-17 23:25:56'),
('3a534567-65de-11ed-8a78-feed01260033', 'NUEVA ESTRELLA', 'a3e3dasd-bd10-hyhj-6765-2182783dpoas', '2022-11-16 18:41:05'),
('485e531d-65d9-11ed-8a78-feed01260033', 'PASEO DEL BOSQUE', 'a3e3dasd-bd10-hyhj-6765-2182783dpoas', '2022-11-16 18:05:41'),
('4e03d05c-6ab5-11ed-8a78-feed01260033', 'SUCHIAPA', 'd590531d-65da-11ed-8a78-feed01260033', '2022-11-22 22:30:44'),
('5e909200-65f4-11ed-8a78-feed01260033', 'IGNACIO ALLENDE', 'bc2b8b27-65d4-11ed-8a78-feed01260033', '2022-11-16 21:19:35'),
('7e68444c-676f-11ed-8a78-feed01260033', 'PLUMA DE ORO', 'a3e3dasd-bd10-hyhj-6765-2182783dpoas', '2022-11-18 18:33:27'),
('9fd39cf8-6aab-11ed-8a78-feed01260033', 'PASO LIMON', 'a3e3dasd-bd10-hyhj-6765-2182783dpoas', '2022-11-22 21:21:27'),
('a279fc5f-6b5a-11ed-8a78-feed01260033', 'SANTA CRUZ', 'a3e3dasd-bd10-hyhj-6765-2182783dpoas', '2022-11-23 18:14:13'),
('a5ef60ca-66d4-11ed-8a78-feed01260033', 'FRANCISCO SARABIA', 'bc2b8b27-65d4-11ed-8a78-feed01260033', '2022-11-18 00:05:02'),
('aa719c1c-66c1-11ed-8a78-feed01260033', 'RIBERA AMATAL', 'bc2b8b27-65d4-11ed-8a78-feed01260033', '2022-11-17 21:49:09'),
('b55ce226-66cd-11ed-8a78-feed01260033', 'KILOMETRO 4', 'a3e3dasd-bd10-hyhj-6765-2182783dpoas', '2022-11-17 23:15:21'),
('b895edc1-676c-11ed-8a78-feed01260033', 'DEMOCRATICA', 'a3e3dasd-bd10-hyhj-6765-2182783dpoas', '2022-11-18 18:13:36'),
('b9628f7b-65dc-11ed-8a78-feed01260033', 'JARDINES DEL GRIJALVA', 'bc2b8b27-65d4-11ed-8a78-feed01260033', '2022-11-16 18:30:19'),
('bd193952-66c9-11ed-8a78-feed01260033', 'BARRIO BENITO JUAREZ', 'bc2b8b27-65d4-11ed-8a78-feed01260033', '2022-11-17 22:46:56'),
('bf42ba53-676d-11ed-8a78-feed01260033', 'RIBERA LAS FLECHAS', 'bc2b8b27-65d4-11ed-8a78-feed01260033', '2022-11-18 18:20:57'),
('c5eaacad-65e7-11ed-8a78-feed01260033', 'GUADALUPE VICTORIA', 'b12cf2d9-65e7-11ed-8a78-feed01260033', '2022-11-16 19:49:25'),
('c8962db7-65d4-11ed-8a78-feed01260033', 'NICOLAS BRAVO', 'bc2b8b27-65d4-11ed-8a78-feed01260033', '2022-11-16 17:33:29'),
('c90f6ef6-6aad-11ed-8a78-feed01260033', 'EL REFUGIO', 'bc2b8b27-65d4-11ed-8a78-feed01260033', '2022-11-22 21:36:55'),
('d43ae49f-6780-11ed-8a78-feed01260033', 'DISTRITO FEDERAL', 'bc2b8b27-65d4-11ed-8a78-feed01260033', '2022-11-18 20:37:33'),
('d517f521-66c2-11ed-8a78-feed01260033', 'POTINASPAK', 'a3e3dasd-bd10-hyhj-6765-2182783dpoas', '2022-11-17 21:57:30'),
('da75d751-677f-11ed-8a78-feed01260033', 'CHIAPA DE CORZO', 'bc2b8b27-65d4-11ed-8a78-feed01260033', '2022-11-18 20:30:34'),
('e04830b5-65da-11ed-8a78-feed01260033', 'BARRIO SAN FRANCISCO', 'd590531d-65da-11ed-8a78-feed01260033', '2022-11-16 18:17:05'),
('eb29b36c-676a-11ed-8a78-feed01260033', 'EMILIANO ZAPATA', 'bc2b8b27-65d4-11ed-8a78-feed01260033', '2022-11-18 18:00:42'),
('lkmhlgok-6yth-hyhj-98xz-yujkasndjash', 'subzona de galecio', '378hinek-bd10-asdd-6yyh-d481d723r4ed', '2022-03-29 06:16:55'),
('yohrio96-vfgt-23nm-6765-84i34hi883dl', 'LOMA BONITA', 'a3e3dasd-bd10-hyhj-6765-2182783dpoas', '2022-03-29 06:16:55');

-- --------------------------------------------------------

--
-- Estructura de tabla para la tabla `sucursales`
--

DROP TABLE IF EXISTS `sucursales`;
CREATE TABLE IF NOT EXISTS `sucursales` (
  `idsucursales` int(11) NOT NULL AUTO_INCREMENT,
  `sucursales` varchar(300) COLLATE utf8_spanish_ci NOT NULL,
  `descripcion` text COLLATE utf8_spanish_ci,
  `estado` tinyint(1) NOT NULL DEFAULT '1',
  `matriz` tinyint(1) NOT NULL DEFAULT '0',
  `tipo` char(36) COLLATE utf8_spanish_ci NOT NULL,
  `creado_en` timestamp NOT NULL DEFAULT CURRENT_TIMESTAMP,
  PRIMARY KEY (`idsucursales`),
  KEY `es de tipo` (`tipo`)
) ENGINE=InnoDB AUTO_INCREMENT=2 DEFAULT CHARSET=utf8 COLLATE=utf8_spanish_ci;

--
-- Truncar tablas antes de insertar `sucursales`
--

TRUNCATE TABLE `sucursales`;
--
-- Volcado de datos para la tabla `sucursales`
--

INSERT INTO `sucursales` (`idsucursales`, `sucursales`, `descripcion`, `estado`, `matriz`, `tipo`, `creado_en`) VALUES
(1, 'Galecio Narcía-Matriz', 'Matriz de la empresa. Aquí se encuentras los mandos medios y la gerencia. Es el punto central de las operaciones de la mueblería.', 1, 1, 'pii91f44-bc7e-11ec-bf6e-d481d7c3a9qw', '2022-03-29 06:16:44');

-- --------------------------------------------------------

--
-- Estructura de tabla para la tabla `sucursal_usuario`
--

DROP TABLE IF EXISTS `sucursal_usuario`;
CREATE TABLE IF NOT EXISTS `sucursal_usuario` (
  `idsucursal_usuario` int(11) NOT NULL AUTO_INCREMENT,
  `sucursal_idusuario` char(36) COLLATE utf8_spanish_ci NOT NULL COMMENT 'corresponde',
  `sucursal_idsucursales` int(11) NOT NULL COMMENT 'tiene',
  PRIMARY KEY (`idsucursal_usuario`),
  KEY `asignado a` (`sucursal_idsucursales`),
  KEY `tiene acceso a` (`sucursal_idusuario`)
) ENGINE=InnoDB AUTO_INCREMENT=10 DEFAULT CHARSET=utf8 COLLATE=utf8_spanish_ci;

--
-- Truncar tablas antes de insertar `sucursal_usuario`
--

TRUNCATE TABLE `sucursal_usuario`;
--
-- Volcado de datos para la tabla `sucursal_usuario`
--

INSERT INTO `sucursal_usuario` (`idsucursal_usuario`, `sucursal_idusuario`, `sucursal_idsucursales`) VALUES
(1, '0a96aada-bd56-11ec-b09f-asjg75jfl382', 1),
(8, '0a96aada-bd56-11ec-b09f-asjg75jfl123', 1),
(9, '31dc4650-702c-11ed-b13a-d481d7c3a9ad', 1);

-- --------------------------------------------------------

--
-- Estructura de tabla para la tabla `tipo`
--

DROP TABLE IF EXISTS `tipo`;
CREATE TABLE IF NOT EXISTS `tipo` (
  `idtipo` char(36) COLLATE utf8_spanish_ci NOT NULL,
  `nombre_tipo` varchar(100) COLLATE utf8_spanish_ci NOT NULL,
  PRIMARY KEY (`idtipo`)
) ENGINE=InnoDB DEFAULT CHARSET=utf8 COLLATE=utf8_spanish_ci;

--
-- Truncar tablas antes de insertar `tipo`
--

TRUNCATE TABLE `tipo`;
--
-- Volcado de datos para la tabla `tipo`
--

INSERT INTO `tipo` (`idtipo`, `nombre_tipo`) VALUES
('pii91f44-bc7e-11ec-bf6e-d481d7c3a9qw', 'MATRIZ');

-- --------------------------------------------------------

--
-- Estructura de tabla para la tabla `usuario`
--

DROP TABLE IF EXISTS `usuario`;
CREATE TABLE IF NOT EXISTS `usuario` (
  `idusuario` char(36) COLLATE utf8_spanish_ci NOT NULL,
  `usuario_acceso` varchar(100) COLLATE utf8_spanish_ci NOT NULL,
  `nombre` varchar(200) COLLATE utf8_spanish_ci NOT NULL,
  `pass` varchar(100) COLLATE utf8_spanish_ci NOT NULL,
  `rol` varchar(20) COLLATE utf8_spanish_ci NOT NULL,
  `puesto` char(36) COLLATE utf8_spanish_ci NOT NULL,
  `estado` tinyint(1) DEFAULT '1',
  `superadmin` tinyint(1) NOT NULL,
  `no_user` int(11) NOT NULL AUTO_INCREMENT,
  `creado_en` timestamp NOT NULL DEFAULT CURRENT_TIMESTAMP,
  PRIMARY KEY (`idusuario`),
  KEY `tiene el puesto` (`puesto`),
  KEY `no_user` (`no_user`)
) ENGINE=InnoDB AUTO_INCREMENT=4 DEFAULT CHARSET=utf8 COLLATE=utf8_spanish_ci COMMENT='Tabla para manejar los usuarios del sistema';

--
-- Truncar tablas antes de insertar `usuario`
--

TRUNCATE TABLE `usuario`;
--
-- Volcado de datos para la tabla `usuario`
--

INSERT INTO `usuario` (`idusuario`, `usuario_acceso`, `nombre`, `pass`, `rol`, `puesto`, `estado`, `superadmin`, `no_user`, `creado_en`) VALUES
('0a96aada-bd56-11ec-b09f-asjg75jfl123', 'IGERAG', 'Ruben Aguilar González', '81df10368e0655e4801b66269fd8b973', 'SuperAdmin', '6e3f32fa-bd10-11ec-a5db-d481d723r4ed', 1, 1, 2, '2022-03-29 05:39:17'),
('0a96aada-bd56-11ec-b09f-asjg75jfl382', 'Luis', 'Luis Augusto Von Duben Aquino', 'c44688b5061756b3cca2b86c016a1535', 'SuperAdmin', '6e3f32fa-bd10-11ec-a5db-d481d723r4ed', 1, 1, 1, '2022-03-29 05:39:17'),
('31dc4650-702c-11ed-b13a-d481d7c3a9ad', 'osv', 'Osvaldo', '7f791f89aca4f442da5d968f1d01eedb', 'Usuario', '6e3f32fa-bd10-11ec-a5db-d481d723r4ed', 1, 0, 3, '2022-11-29 21:24:23');

-- --------------------------------------------------------

--
-- Estructura de tabla para la tabla `venta_tipo`
--

DROP TABLE IF EXISTS `venta_tipo`;
CREATE TABLE IF NOT EXISTS `venta_tipo` (
  `idtipo_venta` char(36) COLLATE utf8_spanish_ci NOT NULL,
  `nombre_venta` varchar(100) CHARACTER SET utf32 COLLATE utf32_spanish_ci NOT NULL,
  PRIMARY KEY (`idtipo_venta`)
) ENGINE=InnoDB DEFAULT CHARSET=utf8 COLLATE=utf8_spanish_ci;

--
-- Truncar tablas antes de insertar `venta_tipo`
--

TRUNCATE TABLE `venta_tipo`;
--
-- Volcado de datos para la tabla `venta_tipo`
--

INSERT INTO `venta_tipo` (`idtipo_venta`, `nombre_venta`) VALUES
('2651952b-2977-11ed-a437-d481d7c3a9ad', 'Credito'),
('38f8be92-2979-11ed-a437-d481d7c3a9ad', 'PayJoy'),
('462c4a06-2977-11ed-a437-d481d7c3a9ad', 'Contado'),
('e4f5e2d7-5884-11ed-9b0e-d481d7c3a9ad', 'Apartado');

-- --------------------------------------------------------

--
-- Estructura de tabla para la tabla `zonas`
--

DROP TABLE IF EXISTS `zonas`;
CREATE TABLE IF NOT EXISTS `zonas` (
  `idzona` char(36) COLLATE utf8_spanish_ci NOT NULL,
  `zona` varchar(100) COLLATE utf8_spanish_ci NOT NULL,
  `creado_en` timestamp NOT NULL DEFAULT CURRENT_TIMESTAMP,
  PRIMARY KEY (`idzona`)
) ENGINE=InnoDB DEFAULT CHARSET=utf8 COLLATE=utf8_spanish_ci;

--
-- Truncar tablas antes de insertar `zonas`
--

TRUNCATE TABLE `zonas`;
--
-- Volcado de datos para la tabla `zonas`
--

INSERT INTO `zonas` (`idzona`, `zona`, `creado_en`) VALUES
('378hinek-bd10-asdd-6yyh-d481d723r4ed', 'GALECIO', '2022-03-29 06:16:25'),
('a3e3dasd-bd10-hyhj-6765-2182783dpoas', 'TUXTLA', '2022-03-29 06:16:25'),
('b12cf2d9-65e7-11ed-8a78-feed01260033', 'VILLAFLORES', '2022-11-16 19:48:50'),
('bc2b8b27-65d4-11ed-8a78-feed01260033', 'CHIAPA DE CORZO', '2022-11-16 17:33:08'),
('d590531d-65da-11ed-8a78-feed01260033', 'SUCHIAPA', '2022-11-16 18:16:47'),
('f23461b0-65de-11ed-8a78-feed01260033', 'EMILIANO ZAPATA', '2022-11-16 18:46:13');

--
-- Restricciones para tablas volcadas
--

--
-- Filtros para la tabla `almacen`
--
ALTER TABLE `almacen`
  ADD CONSTRAINT `pertence a almacen` FOREIGN KEY (`sucursal`) REFERENCES `sucursales` (`idsucursales`);

--
-- Filtros para la tabla `cliente`
--
ALTER TABLE `cliente`
  ADD CONSTRAINT `se encuentra en` FOREIGN KEY (`subzona`) REFERENCES `subzonas` (`idsubzona`),
  ADD CONSTRAINT `tiene una` FOREIGN KEY (`zona`) REFERENCES `zonas` (`idzona`);

--
-- Filtros para la tabla `documento`
--
ALTER TABLE `documento`
  ADD CONSTRAINT `es de la` FOREIGN KEY (`idsucursal`) REFERENCES `sucursales` (`idsucursales`);

--
-- Filtros para la tabla `permiso_usuario`
--
ALTER TABLE `permiso_usuario`
  ADD CONSTRAINT `asignado al` FOREIGN KEY (`permiso_idusuario`) REFERENCES `usuario` (`idusuario`),
  ADD CONSTRAINT `es el` FOREIGN KEY (`permiso_idpermiso`) REFERENCES `permiso` (`idpermiso`);

--
-- Filtros para la tabla `producto`
--
ALTER TABLE `producto`
  ADD CONSTRAINT `es_categoria` FOREIGN KEY (`categoria`) REFERENCES `categoria` (`idcategoria`),
  ADD CONSTRAINT `es_subcategoria` FOREIGN KEY (`subcategoria`) REFERENCES `subcategoria` (`idsubcategoria`);

--
-- Filtros para la tabla `referencias_cliente`
--
ALTER TABLE `referencias_cliente`
  ADD CONSTRAINT `pertenece_a_cliente` FOREIGN KEY (`idcliente`) REFERENCES `cliente` (`idcliente`);

--
-- Filtros para la tabla `salida`
--
ALTER TABLE `salida`
  ADD CONSTRAINT `es del folio` FOREIGN KEY (`folio_venta`) REFERENCES `documento` (`iddocumento`),
  ADD CONSTRAINT `tipo_de_venta` FOREIGN KEY (`tipo_venta`) REFERENCES `venta_tipo` (`idtipo_venta`),
  ADD CONSTRAINT `vendido_a` FOREIGN KEY (`cliente`) REFERENCES `cliente` (`idcliente`),
  ADD CONSTRAINT `venta_hecha_por` FOREIGN KEY (`vendedor`) REFERENCES `usuario` (`idusuario`);

--
-- Filtros para la tabla `salida_productos`
--
ALTER TABLE `salida_productos`
  ADD CONSTRAINT `es_el_producto` FOREIGN KEY (`producto`) REFERENCES `producto` (`idproducto`),
  ADD CONSTRAINT `pertenece_a_salida` FOREIGN KEY (`salida`) REFERENCES `salida` (`idsalida`);

--
-- Filtros para la tabla `subcategoria`
--
ALTER TABLE `subcategoria`
  ADD CONSTRAINT `pertenece_a_la_categoria` FOREIGN KEY (`categoria`) REFERENCES `categoria` (`idcategoria`) ON DELETE CASCADE ON UPDATE CASCADE;

--
-- Filtros para la tabla `subzonas`
--
ALTER TABLE `subzonas`
  ADD CONSTRAINT `pertenece` FOREIGN KEY (`idzona`) REFERENCES `zonas` (`idzona`) ON DELETE CASCADE ON UPDATE CASCADE;

--
-- Filtros para la tabla `sucursales`
--
ALTER TABLE `sucursales`
  ADD CONSTRAINT `es de tipo` FOREIGN KEY (`tipo`) REFERENCES `tipo` (`idtipo`);

--
-- Filtros para la tabla `sucursal_usuario`
--
ALTER TABLE `sucursal_usuario`
  ADD CONSTRAINT `asignado a` FOREIGN KEY (`sucursal_idsucursales`) REFERENCES `sucursales` (`idsucursales`),
  ADD CONSTRAINT `tiene acceso a` FOREIGN KEY (`sucursal_idusuario`) REFERENCES `usuario` (`idusuario`);

--
-- Filtros para la tabla `usuario`
--
ALTER TABLE `usuario`
  ADD CONSTRAINT `tiene el puesto` FOREIGN KEY (`puesto`) REFERENCES `puesto` (`idpuesto`);
COMMIT;

/*!40101 SET CHARACTER_SET_CLIENT=@OLD_CHARACTER_SET_CLIENT */;
/*!40101 SET CHARACTER_SET_RESULTS=@OLD_CHARACTER_SET_RESULTS */;
/*!40101 SET COLLATION_CONNECTION=@OLD_COLLATION_CONNECTION */;
